<?xml version="1.0" encoding="UTF-8"?>
<kml xmlns="http://www.opengis.net/kml/2.2">
  <Document>
    <name>2026 Upside Fields /w details</name>
    <description/>
    <Style id="icon-1502-BDBDBD-nodesc-normal">
      <IconStyle>
        <color>ffbdbdbd</color>
        <scale>1</scale>
        <Icon>
          <href>https://www.gstatic.com/mapspro/images/stock/503-wht-blank_maps.png</href>
        </Icon>
      </IconStyle>
      <LabelStyle>
        <scale>0</scale>
      </LabelStyle>
      <BalloonStyle>
        <text><![CDATA[<h3>$[name]</h3>]]></text>
      </BalloonStyle>
    </Style>
    <Style id="icon-1502-BDBDBD-nodesc-highlight">
      <IconStyle>
        <color>ffbdbdbd</color>
        <scale>1</scale>
        <Icon>
          <href>https://www.gstatic.com/mapspro/images/stock/503-wht-blank_maps.png</href>
        </Icon>
      </IconStyle>
      <LabelStyle>
        <scale>1</scale>
      </LabelStyle>
      <BalloonStyle>
        <text><![CDATA[<h3>$[name]</h3>]]></text>
      </BalloonStyle>
    </Style>
    <StyleMap id="icon-1502-BDBDBD-nodesc">
      <Pair>
        <key>normal</key>
        <styleUrl>#icon-1502-BDBDBD-nodesc-normal</styleUrl>
      </Pair>
      <Pair>
        <key>highlight</key>
        <styleUrl>#icon-1502-BDBDBD-nodesc-highlight</styleUrl>
      </Pair>
    </StyleMap>
    <Style id="icon-1899-0288D1-normal">
      <IconStyle>
        <color>ffd18802</color>
        <scale>1</scale>
        <Icon>
          <href>https://www.gstatic.com/mapspro/images/stock/503-wht-blank_maps.png</href>
        </Icon>
        <hotSpot x="32" xunits="pixels" y="64" yunits="insetPixels"/>
      </IconStyle>
      <LabelStyle>
        <scale>0</scale>
      </LabelStyle>
    </Style>
    <Style id="icon-1899-0288D1-highlight">
      <IconStyle>
        <color>ffd18802</color>
        <scale>1</scale>
        <Icon>
          <href>https://www.gstatic.com/mapspro/images/stock/503-wht-blank_maps.png</href>
        </Icon>
        <hotSpot x="32" xunits="pixels" y="64" yunits="insetPixels"/>
      </IconStyle>
      <LabelStyle>
        <scale>1</scale>
      </LabelStyle>
    </Style>
    <StyleMap id="icon-1899-0288D1">
      <Pair>
        <key>normal</key>
        <styleUrl>#icon-1899-0288D1-normal</styleUrl>
      </Pair>
      <Pair>
        <key>highlight</key>
        <styleUrl>#icon-1899-0288D1-highlight</styleUrl>
      </Pair>
    </StyleMap>
    <Style id="icon-1899-0288D1-nodesc-normal">
      <IconStyle>
        <color>ffd18802</color>
        <scale>1</scale>
        <Icon>
          <href>https://www.gstatic.com/mapspro/images/stock/503-wht-blank_maps.png</href>
        </Icon>
        <hotSpot x="32" xunits="pixels" y="64" yunits="insetPixels"/>
      </IconStyle>
      <LabelStyle>
        <scale>0</scale>
      </LabelStyle>
      <BalloonStyle>
        <text><![CDATA[<h3>$[name]</h3>]]></text>
      </BalloonStyle>
    </Style>
    <Style id="icon-1899-0288D1-nodesc-highlight">
      <IconStyle>
        <color>ffd18802</color>
        <scale>1</scale>
        <Icon>
          <href>https://www.gstatic.com/mapspro/images/stock/503-wht-blank_maps.png</href>
        </Icon>
        <hotSpot x="32" xunits="pixels" y="64" yunits="insetPixels"/>
      </IconStyle>
      <LabelStyle>
        <scale>1</scale>
      </LabelStyle>
      <BalloonStyle>
        <text><![CDATA[<h3>$[name]</h3>]]></text>
      </BalloonStyle>
    </Style>
    <StyleMap id="icon-1899-0288D1-nodesc">
      <Pair>
        <key>normal</key>
        <styleUrl>#icon-1899-0288D1-nodesc-normal</styleUrl>
      </Pair>
      <Pair>
        <key>highlight</key>
        <styleUrl>#icon-1899-0288D1-nodesc-highlight</styleUrl>
      </Pair>
    </StyleMap>
    <Style id="icon-1899-097138-normal">
      <IconStyle>
        <color>ff387109</color>
        <scale>1</scale>
        <Icon>
          <href>https://www.gstatic.com/mapspro/images/stock/503-wht-blank_maps.png</href>
        </Icon>
        <hotSpot x="32" xunits="pixels" y="64" yunits="insetPixels"/>
      </IconStyle>
      <LabelStyle>
        <scale>0</scale>
      </LabelStyle>
    </Style>
    <Style id="icon-1899-097138-highlight">
      <IconStyle>
        <color>ff387109</color>
        <scale>1</scale>
        <Icon>
          <href>https://www.gstatic.com/mapspro/images/stock/503-wht-blank_maps.png</href>
        </Icon>
        <hotSpot x="32" xunits="pixels" y="64" yunits="insetPixels"/>
      </IconStyle>
      <LabelStyle>
        <scale>1</scale>
      </LabelStyle>
    </Style>
    <StyleMap id="icon-1899-097138">
      <Pair>
        <key>normal</key>
        <styleUrl>#icon-1899-097138-normal</styleUrl>
      </Pair>
      <Pair>
        <key>highlight</key>
        <styleUrl>#icon-1899-097138-highlight</styleUrl>
      </Pair>
    </StyleMap>
    <Style id="icon-1899-097138-nodesc-normal">
      <IconStyle>
        <color>ff387109</color>
        <scale>1</scale>
        <Icon>
          <href>https://www.gstatic.com/mapspro/images/stock/503-wht-blank_maps.png</href>
        </Icon>
        <hotSpot x="32" xunits="pixels" y="64" yunits="insetPixels"/>
      </IconStyle>
      <LabelStyle>
        <scale>0</scale>
      </LabelStyle>
      <BalloonStyle>
        <text><![CDATA[<h3>$[name]</h3>]]></text>
      </BalloonStyle>
    </Style>
    <Style id="icon-1899-097138-nodesc-highlight">
      <IconStyle>
        <color>ff387109</color>
        <scale>1</scale>
        <Icon>
          <href>https://www.gstatic.com/mapspro/images/stock/503-wht-blank_maps.png</href>
        </Icon>
        <hotSpot x="32" xunits="pixels" y="64" yunits="insetPixels"/>
      </IconStyle>
      <LabelStyle>
        <scale>1</scale>
      </LabelStyle>
      <BalloonStyle>
        <text><![CDATA[<h3>$[name]</h3>]]></text>
      </BalloonStyle>
    </Style>
    <StyleMap id="icon-1899-097138-nodesc">
      <Pair>
        <key>normal</key>
        <styleUrl>#icon-1899-097138-nodesc-normal</styleUrl>
      </Pair>
      <Pair>
        <key>highlight</key>
        <styleUrl>#icon-1899-097138-nodesc-highlight</styleUrl>
      </Pair>
    </StyleMap>
    <Style id="icon-1899-673AB7-normal">
      <IconStyle>
        <color>ffb73a67</color>
        <scale>1</scale>
        <Icon>
          <href>https://www.gstatic.com/mapspro/images/stock/503-wht-blank_maps.png</href>
        </Icon>
        <hotSpot x="32" xunits="pixels" y="64" yunits="insetPixels"/>
      </IconStyle>
      <LabelStyle>
        <scale>0</scale>
      </LabelStyle>
    </Style>
    <Style id="icon-1899-673AB7-highlight">
      <IconStyle>
        <color>ffb73a67</color>
        <scale>1</scale>
        <Icon>
          <href>https://www.gstatic.com/mapspro/images/stock/503-wht-blank_maps.png</href>
        </Icon>
        <hotSpot x="32" xunits="pixels" y="64" yunits="insetPixels"/>
      </IconStyle>
      <LabelStyle>
        <scale>1</scale>
      </LabelStyle>
    </Style>
    <StyleMap id="icon-1899-673AB7">
      <Pair>
        <key>normal</key>
        <styleUrl>#icon-1899-673AB7-normal</styleUrl>
      </Pair>
      <Pair>
        <key>highlight</key>
        <styleUrl>#icon-1899-673AB7-highlight</styleUrl>
      </Pair>
    </StyleMap>
    <Style id="icon-1899-673AB7-nodesc-normal">
      <IconStyle>
        <color>ffb73a67</color>
        <scale>1</scale>
        <Icon>
          <href>https://www.gstatic.com/mapspro/images/stock/503-wht-blank_maps.png</href>
        </Icon>
        <hotSpot x="32" xunits="pixels" y="64" yunits="insetPixels"/>
      </IconStyle>
      <LabelStyle>
        <scale>0</scale>
      </LabelStyle>
      <BalloonStyle>
        <text><![CDATA[<h3>$[name]</h3>]]></text>
      </BalloonStyle>
    </Style>
    <Style id="icon-1899-673AB7-nodesc-highlight">
      <IconStyle>
        <color>ffb73a67</color>
        <scale>1</scale>
        <Icon>
          <href>https://www.gstatic.com/mapspro/images/stock/503-wht-blank_maps.png</href>
        </Icon>
        <hotSpot x="32" xunits="pixels" y="64" yunits="insetPixels"/>
      </IconStyle>
      <LabelStyle>
        <scale>1</scale>
      </LabelStyle>
      <BalloonStyle>
        <text><![CDATA[<h3>$[name]</h3>]]></text>
      </BalloonStyle>
    </Style>
    <StyleMap id="icon-1899-673AB7-nodesc">
      <Pair>
        <key>normal</key>
        <styleUrl>#icon-1899-673AB7-nodesc-normal</styleUrl>
      </Pair>
      <Pair>
        <key>highlight</key>
        <styleUrl>#icon-1899-673AB7-nodesc-highlight</styleUrl>
      </Pair>
    </StyleMap>
    <Style id="icon-1899-7CB342-normal">
      <IconStyle>
        <color>ff42b37c</color>
        <scale>1</scale>
        <Icon>
          <href>https://www.gstatic.com/mapspro/images/stock/503-wht-blank_maps.png</href>
        </Icon>
        <hotSpot x="32" xunits="pixels" y="64" yunits="insetPixels"/>
      </IconStyle>
      <LabelStyle>
        <scale>0</scale>
      </LabelStyle>
    </Style>
    <Style id="icon-1899-7CB342-highlight">
      <IconStyle>
        <color>ff42b37c</color>
        <scale>1</scale>
        <Icon>
          <href>https://www.gstatic.com/mapspro/images/stock/503-wht-blank_maps.png</href>
        </Icon>
        <hotSpot x="32" xunits="pixels" y="64" yunits="insetPixels"/>
      </IconStyle>
      <LabelStyle>
        <scale>1</scale>
      </LabelStyle>
    </Style>
    <StyleMap id="icon-1899-7CB342">
      <Pair>
        <key>normal</key>
        <styleUrl>#icon-1899-7CB342-normal</styleUrl>
      </Pair>
      <Pair>
        <key>highlight</key>
        <styleUrl>#icon-1899-7CB342-highlight</styleUrl>
      </Pair>
    </StyleMap>
    <Style id="icon-1899-7CB342-nodesc-normal">
      <IconStyle>
        <color>ff42b37c</color>
        <scale>1</scale>
        <Icon>
          <href>https://www.gstatic.com/mapspro/images/stock/503-wht-blank_maps.png</href>
        </Icon>
        <hotSpot x="32" xunits="pixels" y="64" yunits="insetPixels"/>
      </IconStyle>
      <LabelStyle>
        <scale>0</scale>
      </LabelStyle>
      <BalloonStyle>
        <text><![CDATA[<h3>$[name]</h3>]]></text>
      </BalloonStyle>
    </Style>
    <Style id="icon-1899-7CB342-nodesc-highlight">
      <IconStyle>
        <color>ff42b37c</color>
        <scale>1</scale>
        <Icon>
          <href>https://www.gstatic.com/mapspro/images/stock/503-wht-blank_maps.png</href>
        </Icon>
        <hotSpot x="32" xunits="pixels" y="64" yunits="insetPixels"/>
      </IconStyle>
      <LabelStyle>
        <scale>1</scale>
      </LabelStyle>
      <BalloonStyle>
        <text><![CDATA[<h3>$[name]</h3>]]></text>
      </BalloonStyle>
    </Style>
    <StyleMap id="icon-1899-7CB342-nodesc">
      <Pair>
        <key>normal</key>
        <styleUrl>#icon-1899-7CB342-nodesc-normal</styleUrl>
      </Pair>
      <Pair>
        <key>highlight</key>
        <styleUrl>#icon-1899-7CB342-nodesc-highlight</styleUrl>
      </Pair>
    </StyleMap>
    <Style id="poly-FF5252-1000-0-normal">
      <LineStyle>
        <color>ff5252ff</color>
        <width>1</width>
      </LineStyle>
      <PolyStyle>
        <color>005252ff</color>
        <fill>1</fill>
        <outline>1</outline>
      </PolyStyle>
    </Style>
    <Style id="poly-FF5252-1000-0-highlight">
      <LineStyle>
        <color>ff5252ff</color>
        <width>1.5</width>
      </LineStyle>
      <PolyStyle>
        <color>005252ff</color>
        <fill>1</fill>
        <outline>1</outline>
      </PolyStyle>
    </Style>
    <StyleMap id="poly-FF5252-1000-0">
      <Pair>
        <key>normal</key>
        <styleUrl>#poly-FF5252-1000-0-normal</styleUrl>
      </Pair>
      <Pair>
        <key>highlight</key>
        <styleUrl>#poly-FF5252-1000-0-highlight</styleUrl>
      </Pair>
    </StyleMap>
    <Style id="poly-FF5252-1200-77-normal">
      <LineStyle>
        <color>ff5252ff</color>
        <width>1.2</width>
      </LineStyle>
      <PolyStyle>
        <color>4d5252ff</color>
        <fill>1</fill>
        <outline>1</outline>
      </PolyStyle>
    </Style>
    <Style id="poly-FF5252-1200-77-highlight">
      <LineStyle>
        <color>ff5252ff</color>
        <width>1.8</width>
      </LineStyle>
      <PolyStyle>
        <color>4d5252ff</color>
        <fill>1</fill>
        <outline>1</outline>
      </PolyStyle>
    </Style>
    <StyleMap id="poly-FF5252-1200-77">
      <Pair>
        <key>normal</key>
        <styleUrl>#poly-FF5252-1200-77-normal</styleUrl>
      </Pair>
      <Pair>
        <key>highlight</key>
        <styleUrl>#poly-FF5252-1200-77-highlight</styleUrl>
      </Pair>
    </StyleMap>
    <Style id="poly-FF5252-2000-77-normal">
      <LineStyle>
        <color>ff5252ff</color>
        <width>2</width>
      </LineStyle>
      <PolyStyle>
        <color>4d5252ff</color>
        <fill>1</fill>
        <outline>1</outline>
      </PolyStyle>
    </Style>
    <Style id="poly-FF5252-2000-77-highlight">
      <LineStyle>
        <color>ff5252ff</color>
        <width>3</width>
      </LineStyle>
      <PolyStyle>
        <color>4d5252ff</color>
        <fill>1</fill>
        <outline>1</outline>
      </PolyStyle>
    </Style>
    <StyleMap id="poly-FF5252-2000-77">
      <Pair>
        <key>normal</key>
        <styleUrl>#poly-FF5252-2000-77-normal</styleUrl>
      </Pair>
      <Pair>
        <key>highlight</key>
        <styleUrl>#poly-FF5252-2000-77-highlight</styleUrl>
      </Pair>
    </StyleMap>
    <Folder>
      <name>2026 Fields</name>
      <Placemark>
        <name>Brucelea Poultry (2)</name>
        <description>Mark McLean</description>
        <styleUrl>#icon-1899-097138</styleUrl>
        <Point>
          <coordinates>
            -81.60875,44.0356111111111,0
          </coordinates>
        </Point>
      </Placemark>
      <Placemark>
        <name>Renwick-1</name>
        <styleUrl>#icon-1899-673AB7-nodesc</styleUrl>
        <Point>
          <coordinates>
            -81.09185,44.0469913,0
          </coordinates>
        </Point>
      </Placemark>
      <Placemark>
        <name>Renwick-2</name>
        <styleUrl>#icon-1899-673AB7-nodesc</styleUrl>
        <Point>
          <coordinates>
            -81.1989722222222,43.9353055555556,0
          </coordinates>
        </Point>
      </Placemark>
      <Placemark>
        <name>Biermans Farms HM Limited - 2 systems</name>
        <description><![CDATA[Earl's]]></description>
        <styleUrl>#icon-1899-673AB7</styleUrl>
        <Point>
          <coordinates>
            -81.1687556,44.3733238,0
          </coordinates>
        </Point>
      </Placemark>
      <Placemark>
        <name>Biermans 2</name>
        <styleUrl>#icon-1899-673AB7-nodesc</styleUrl>
        <Point>
          <coordinates>
            -81.1676184,44.3699801,0
          </coordinates>
        </Point>
      </Placemark>
      <Placemark>
        <name>Gerber Acres (1)</name>
        <styleUrl>#icon-1899-097138-nodesc</styleUrl>
        <Point>
          <coordinates>
            -80.7501666666667,43.5245555555556,0
          </coordinates>
        </Point>
      </Placemark>
      <Placemark>
        <name>Peters (1)</name>
        <styleUrl>#icon-1899-097138-nodesc</styleUrl>
        <Point>
          <coordinates>
            -80.5264722222222,42.7731666666667,0
          </coordinates>
        </Point>
      </Placemark>
      <Placemark>
        <name>Triple Lane Farms (2)</name>
        <description>Justin Kroesbergen</description>
        <styleUrl>#icon-1899-097138</styleUrl>
        <Point>
          <coordinates>
            -80.263,43.2605833333333,0
          </coordinates>
        </Point>
      </Placemark>
      <Placemark>
        <name>Burm 1</name>
        <styleUrl>#icon-1899-097138-nodesc</styleUrl>
        <Point>
          <coordinates>
            -82.3063165,42.5484881,0
          </coordinates>
        </Point>
      </Placemark>
      <Placemark>
        <name>Burm 2</name>
        <styleUrl>#icon-1899-097138-nodesc</styleUrl>
        <Point>
          <coordinates>
            -82.2954557,42.5390974,0
          </coordinates>
        </Point>
      </Placemark>
      <Placemark>
        <name>Greg Leis</name>
        <styleUrl>#icon-1899-097138-nodesc</styleUrl>
        <Point>
          <coordinates>
            -80.7815184,43.3634448,0
          </coordinates>
        </Point>
      </Placemark>
      <Placemark>
        <name>Schumhaven Farms</name>
        <styleUrl>#icon-1899-097138-nodesc</styleUrl>
        <Point>
          <coordinates>
            -80.7832222222222,43.3087777777778,0
          </coordinates>
        </Point>
      </Placemark>
      <Placemark>
        <name>Brad Haack</name>
        <styleUrl>#icon-1899-097138-nodesc</styleUrl>
        <Point>
          <coordinates>
            -81.0251416,44.0921397,0
          </coordinates>
        </Point>
      </Placemark>
      <Placemark>
        <name>Grubb (3) </name>
        <styleUrl>#icon-1899-097138-nodesc</styleUrl>
        <Point>
          <coordinates>
            -81.1883333333333,44.07225,0
          </coordinates>
        </Point>
      </Placemark>
      <Placemark>
        <name>Martin Gerrits-1</name>
        <styleUrl>#icon-1899-097138-nodesc</styleUrl>
        <Point>
          <coordinates>
            -82.0846537,42.9582996,0
          </coordinates>
        </Point>
      </Placemark>
      <Placemark>
        <name>Field and Flock Farms (2)</name>
        <styleUrl>#icon-1899-097138-nodesc</styleUrl>
        <Point>
          <coordinates>
            -80.9728573,42.6900462,0
          </coordinates>
        </Point>
      </Placemark>
      <Placemark>
        <name>Field and Flock (3)</name>
        <styleUrl>#icon-1899-097138-nodesc</styleUrl>
        <Point>
          <coordinates>
            -81.1115849,42.7022325,0
          </coordinates>
        </Point>
      </Placemark>
      <Placemark>
        <name>Judd Guevera</name>
        <styleUrl>#icon-1899-097138-nodesc</styleUrl>
        <Point>
          <coordinates>
            -80.6645833333333,43.6998055555555,0
          </coordinates>
        </Point>
      </Placemark>
      <Placemark>
        <name>Highland Farms</name>
        <styleUrl>#icon-1899-097138-nodesc</styleUrl>
        <Point>
          <coordinates>
            -80.5136111111111,44.2136944444444,0
          </coordinates>
        </Point>
      </Placemark>
      <Placemark>
        <name>Triaro Farms Inc</name>
        <styleUrl>#icon-1899-673AB7-nodesc</styleUrl>
        <Point>
          <coordinates>
            -80.5391535,43.809315,0
          </coordinates>
        </Point>
      </Placemark>
      <Placemark>
        <name>Mooseburger Farms</name>
        <description>Two 40 acre pieces side by side</description>
        <styleUrl>#icon-1899-097138</styleUrl>
        <Point>
          <coordinates>
            -80.8955277777778,42.6804722222222,0
          </coordinates>
        </Point>
      </Placemark>
      <Placemark>
        <name>John McRoberts (2)</name>
        <styleUrl>#icon-1899-097138-nodesc</styleUrl>
        <Point>
          <coordinates>
            -80.7425833333333,43.1993055555556,0
          </coordinates>
        </Point>
      </Placemark>
      <Placemark>
        <name>Harrison Farms (Bob Harrison)</name>
        <styleUrl>#icon-1899-097138-nodesc</styleUrl>
        <Point>
          <coordinates>
            -80.589027,43.269992,0
          </coordinates>
        </Point>
      </Placemark>
      <Placemark>
        <name>Greg Bogaert -1</name>
        <styleUrl>#icon-1899-097138-nodesc</styleUrl>
        <Point>
          <coordinates>
            -82.4268344,42.6455342,0
          </coordinates>
        </Point>
      </Placemark>
      <Placemark>
        <name>Greg Bogaert -2</name>
        <description>sand field</description>
        <styleUrl>#icon-1899-097138</styleUrl>
        <Point>
          <coordinates>
            -82.47209,42.6345739,0
          </coordinates>
        </Point>
      </Placemark>
      <Placemark>
        <name>Bercab Farms 1</name>
        <description>Erin-Ed Home</description>
        <styleUrl>#icon-1899-0288D1</styleUrl>
        <Point>
          <coordinates>
            -82.2819172,42.5881908,0
          </coordinates>
        </Point>
      </Placemark>
      <Placemark>
        <name>Bercab Farms -2</name>
        <description>Dougs-Cargill</description>
        <styleUrl>#icon-1899-0288D1</styleUrl>
        <Point>
          <coordinates>
            -82.2919174,42.5926457,0
          </coordinates>
        </Point>
      </Placemark>
      <Placemark>
        <name>Kerrigan</name>
        <styleUrl>#icon-1899-097138-nodesc</styleUrl>
        <Point>
          <coordinates>
            -82.1423339,42.982695,0
          </coordinates>
        </Point>
      </Placemark>
      <Placemark>
        <name>Benderbrook 1</name>
        <description>West 60</description>
        <styleUrl>#icon-1899-0288D1</styleUrl>
        <Point>
          <coordinates>
            -80.7481111111111,43.3205277777778,0
          </coordinates>
        </Point>
      </Placemark>
      <Placemark>
        <name>Benderbrook 2</name>
        <description>Rod Roth</description>
        <styleUrl>#icon-1899-0288D1</styleUrl>
        <Point>
          <coordinates>
            -80.735726,43.3299202,0
          </coordinates>
        </Point>
      </Placemark>
      <Placemark>
        <name>Lang farms</name>
        <description>Needham</description>
        <styleUrl>#icon-1899-673AB7</styleUrl>
        <Point>
          <coordinates>
            -81.2886468,44.2256704,0
          </coordinates>
        </Point>
      </Placemark>
      <Placemark>
        <name>Scott Campbell</name>
        <styleUrl>#icon-1899-0288D1-nodesc</styleUrl>
        <Point>
          <coordinates>
            -82.0517534,42.4440089,0
          </coordinates>
        </Point>
      </Placemark>
      <Placemark>
        <name>Christie -1</name>
        <description>home 69</description>
        <styleUrl>#icon-1899-673AB7</styleUrl>
        <Point>
          <coordinates>
            -81.3148888888889,44.4438333333333,0
          </coordinates>
        </Point>
      </Placemark>
      <Placemark>
        <name>Christie-2</name>
        <description>All 50</description>
        <styleUrl>#icon-1899-673AB7</styleUrl>
        <Point>
          <coordinates>
            -81.1918888888889,44.4516944444444,0
          </coordinates>
        </Point>
      </Placemark>
      <Placemark>
        <name>Klavan</name>
        <styleUrl>#icon-1899-673AB7-nodesc</styleUrl>
        <Point>
          <coordinates>
            -80.5743427,43.7567528,0
          </coordinates>
        </Point>
      </Placemark>
      <Placemark>
        <name>Klavan 2</name>
        <styleUrl>#icon-1899-673AB7-nodesc</styleUrl>
        <Point>
          <coordinates>
            -80.5765098,43.744781,0
          </coordinates>
        </Point>
      </Placemark>
      <Placemark>
        <name>Veldale</name>
        <description>Research 74</description>
        <styleUrl>#icon-1899-0288D1</styleUrl>
        <Point>
          <coordinates>
            -80.5575161,43.0863266,0
          </coordinates>
        </Point>
      </Placemark>
      <Placemark>
        <name>Wecker</name>
        <description>Grant Con 6</description>
        <styleUrl>#icon-1899-0288D1</styleUrl>
        <Point>
          <coordinates>
            -82.2399314,42.3352994,0
          </coordinates>
        </Point>
      </Placemark>
      <Placemark>
        <name>Clair Horst</name>
        <styleUrl>#icon-1899-097138-nodesc</styleUrl>
        <Point>
          <coordinates>
            -80.66549,43.57894,0
          </coordinates>
        </Point>
      </Placemark>
      <Placemark>
        <name><![CDATA[Adam & Jess Wettlaufer]]></name>
        <styleUrl>#icon-1899-097138-nodesc</styleUrl>
        <Point>
          <coordinates>
            -81.675563,43.806643,0
          </coordinates>
        </Point>
      </Placemark>
    </Folder>
    <Folder>
      <name>Base Station Locations</name>
      <Placemark>
        <name>Martin Gerrits</name>
        <styleUrl>#icon-1899-097138-nodesc</styleUrl>
        <Point>
          <coordinates>
            -82.084345,42.9565239,0
          </coordinates>
        </Point>
      </Placemark>
      <Placemark>
        <name>Mike Kerrigan</name>
        <styleUrl>#icon-1899-097138-nodesc</styleUrl>
        <Point>
          <coordinates>
            -82.1428333,42.9813742,0
          </coordinates>
        </Point>
      </Placemark>
      <Placemark>
        <name>Greg Bogaert -1</name>
        <styleUrl>#icon-1899-097138-nodesc</styleUrl>
        <Point>
          <coordinates>
            -82.42589,42.64289,0
          </coordinates>
        </Point>
      </Placemark>
      <Placemark>
        <name>Greg Bogaert -2</name>
        <description>sand field</description>
        <styleUrl>#icon-1899-097138</styleUrl>
        <Point>
          <coordinates>
            -82.473855,42.634061,0
          </coordinates>
        </Point>
      </Placemark>
      <Placemark>
        <name>Bercab Farms 1</name>
        <styleUrl>#icon-1899-097138-nodesc</styleUrl>
        <Point>
          <coordinates>
            -82.284476,42.587188,0
          </coordinates>
        </Point>
      </Placemark>
      <Placemark>
        <name>Bercab Farms -2</name>
        <styleUrl>#icon-1899-097138-nodesc</styleUrl>
        <Point>
          <coordinates>
            -82.2992724,42.5909409,0
          </coordinates>
        </Point>
      </Placemark>
      <Placemark>
        <name>Burm East</name>
        <styleUrl>#icon-1899-097138-nodesc</styleUrl>
        <Point>
          <coordinates>
            -82.2954002,42.5390544,0
          </coordinates>
        </Point>
      </Placemark>
      <Placemark>
        <name>Burm West</name>
        <styleUrl>#icon-1899-097138-nodesc</styleUrl>
        <Point>
          <coordinates>
            -82.2956758,42.5388923,0
          </coordinates>
        </Point>
      </Placemark>
      <Placemark>
        <name>Wecker</name>
        <styleUrl>#icon-1899-097138-nodesc</styleUrl>
        <Point>
          <coordinates>
            -82.237314,42.33086,0
          </coordinates>
        </Point>
      </Placemark>
      <Placemark>
        <name>Scott Campbell</name>
        <styleUrl>#icon-1899-097138-nodesc</styleUrl>
        <Point>
          <coordinates>
            -82.050595,42.443799,0
          </coordinates>
        </Point>
      </Placemark>
      <Placemark>
        <name>Field and Flock (3)</name>
        <styleUrl>#icon-1899-097138-nodesc</styleUrl>
        <Point>
          <coordinates>
            -81.113098,42.700529,0
          </coordinates>
        </Point>
      </Placemark>
      <Placemark>
        <name>Field and Flock Farms (1)</name>
        <styleUrl>#icon-1899-097138-nodesc</styleUrl>
        <Point>
          <coordinates>
            -80.972557,42.693264,0
          </coordinates>
        </Point>
      </Placemark>
      <Placemark>
        <name>Mooseburger Farms</name>
        <description>Two 40 acre pieces side by side</description>
        <styleUrl>#icon-1899-097138</styleUrl>
        <Point>
          <coordinates>
            -80.8959246,42.678895,0
          </coordinates>
        </Point>
      </Placemark>
      <Placemark>
        <name>Veldale</name>
        <description>Research 74</description>
        <styleUrl>#icon-1899-097138</styleUrl>
        <Point>
          <coordinates>
            -80.55639,43.085089,0
          </coordinates>
        </Point>
      </Placemark>
      <Placemark>
        <name>Peters</name>
        <styleUrl>#icon-1899-097138-nodesc</styleUrl>
        <Point>
          <coordinates>
            -80.529031,42.773659,0
          </coordinates>
        </Point>
      </Placemark>
      <Placemark>
        <name>Triple Lane Farms</name>
        <description>Justin Kroesbergen</description>
        <styleUrl>#icon-1899-097138</styleUrl>
        <Point>
          <coordinates>
            -80.263526,43.258653,0
          </coordinates>
        </Point>
      </Placemark>
      <Placemark>
        <name>Harrison Farms (Bob Harrison)</name>
        <styleUrl>#icon-1899-097138-nodesc</styleUrl>
        <Point>
          <coordinates>
            -80.591409,43.27155,0
          </coordinates>
        </Point>
      </Placemark>
      <Placemark>
        <name>Schumhaven Farms</name>
        <styleUrl>#icon-1899-097138-nodesc</styleUrl>
        <Point>
          <coordinates>
            -80.785709,43.309258,0
          </coordinates>
        </Point>
      </Placemark>
      <Placemark>
        <name>Greg Leis</name>
        <styleUrl>#icon-1899-097138-nodesc</styleUrl>
        <Point>
          <coordinates>
            -80.781634,43.359914,0
          </coordinates>
        </Point>
      </Placemark>
      <Placemark>
        <name>Gerber Acres (1)</name>
        <styleUrl>#icon-1899-097138-nodesc</styleUrl>
        <Point>
          <coordinates>
            -80.747227,43.523793,0
          </coordinates>
        </Point>
      </Placemark>
      <Placemark>
        <name>Clare Horst</name>
        <styleUrl>#icon-1899-097138-nodesc</styleUrl>
        <Point>
          <coordinates>
            -80.664546,43.579904,0
          </coordinates>
        </Point>
      </Placemark>
      <Placemark>
        <name><![CDATA[Adam & Jess Wettlaufer]]></name>
        <styleUrl>#icon-1899-097138-nodesc</styleUrl>
        <Point>
          <coordinates>
            -81.676421,43.806473,0
          </coordinates>
        </Point>
      </Placemark>
      <Placemark>
        <name>Brucelea Poultry</name>
        <description>Mark McLean</description>
        <styleUrl>#icon-1899-097138</styleUrl>
        <Point>
          <coordinates>
            -81.611368,44.032356,0
          </coordinates>
        </Point>
      </Placemark>
      <Placemark>
        <name>Lang farms</name>
        <styleUrl>#icon-1899-097138-nodesc</styleUrl>
        <Point>
          <coordinates>
            -81.288969,44.226977,0
          </coordinates>
        </Point>
      </Placemark>
      <Placemark>
        <name>Grubb</name>
        <styleUrl>#icon-1899-097138-nodesc</styleUrl>
        <Point>
          <coordinates>
            -81.185544,44.070138,0
          </coordinates>
        </Point>
      </Placemark>
      <Placemark>
        <name>Renwick-1</name>
        <styleUrl>#icon-1899-097138-nodesc</styleUrl>
        <Point>
          <coordinates>
            -81.091721,44.047038,0
          </coordinates>
        </Point>
      </Placemark>
      <Placemark>
        <name>Schaus </name>
        <description>Brad Haack</description>
        <styleUrl>#icon-1899-097138</styleUrl>
        <Point>
          <coordinates>
            -81.025539,44.091327,0
          </coordinates>
        </Point>
      </Placemark>
      <Placemark>
        <name>Renwick-2</name>
        <styleUrl>#icon-1899-097138-nodesc</styleUrl>
        <Point>
          <coordinates>
            -81.1972772,43.9362945,0
          </coordinates>
        </Point>
      </Placemark>
      <Placemark>
        <name>Judd Guevera</name>
        <styleUrl>#icon-1899-097138-nodesc</styleUrl>
        <Point>
          <coordinates>
            -80.665549,43.697665,0
          </coordinates>
        </Point>
      </Placemark>
      <Placemark>
        <name>Klavan-1</name>
        <styleUrl>#icon-1899-097138-nodesc</styleUrl>
        <Point>
          <coordinates>
            -80.5703729,43.7553963,0
          </coordinates>
        </Point>
      </Placemark>
      <Placemark>
        <name>Klavan-2</name>
        <styleUrl>#icon-1899-097138-nodesc</styleUrl>
        <Point>
          <coordinates>
            -80.5705914,43.7554773,0
          </coordinates>
        </Point>
      </Placemark>
      <Placemark>
        <name>Triaro Farms Inc</name>
        <styleUrl>#icon-1899-097138-nodesc</styleUrl>
        <Point>
          <coordinates>
            -80.537179,43.812071,0
          </coordinates>
        </Point>
      </Placemark>
      <Placemark>
        <name>Highland Farms</name>
        <styleUrl>#icon-1899-097138-nodesc</styleUrl>
        <Point>
          <coordinates>
            -80.519174,44.206844,0
          </coordinates>
        </Point>
      </Placemark>
      <Placemark>
        <name>Christie -1</name>
        <styleUrl>#icon-1899-097138-nodesc</styleUrl>
        <Point>
          <coordinates>
            -81.317314,44.443772,0
          </coordinates>
        </Point>
      </Placemark>
      <Placemark>
        <name>Biermans - 1</name>
        <description><![CDATA[Earl's]]></description>
        <styleUrl>#icon-1899-097138</styleUrl>
        <Point>
          <coordinates>
            -81.167769,44.369765,0
          </coordinates>
        </Point>
      </Placemark>
      <Placemark>
        <name>Christie-2</name>
        <styleUrl>#icon-1899-097138-nodesc</styleUrl>
        <Point>
          <coordinates>
            -81.1912913,44.451985,0
          </coordinates>
        </Point>
      </Placemark>
      <Placemark>
        <name>Biermans -2</name>
        <styleUrl>#icon-1899-097138-nodesc</styleUrl>
        <Point>
          <coordinates>
            -81.168512,44.372318,0
          </coordinates>
        </Point>
      </Placemark>
      <Placemark>
        <name>Benderbrook (1)</name>
        <styleUrl>#icon-1899-097138-nodesc</styleUrl>
        <Point>
          <coordinates>
            -80.74811,43.32052,0
          </coordinates>
        </Point>
      </Placemark>
      <Placemark>
        <name>Benderbrook (2)</name>
        <styleUrl>#icon-1899-097138-nodesc</styleUrl>
        <Point>
          <coordinates>
            -80.73572,43.32992,0
          </coordinates>
        </Point>
      </Placemark>
      <Placemark>
        <name>Roland McAlpine</name>
        <styleUrl>#icon-1899-097138-nodesc</styleUrl>
        <Point>
          <coordinates>
            -81.8139249,42.7725903,0
          </coordinates>
        </Point>
      </Placemark>
      <Placemark>
        <name>235 Gage Ave</name>
        <styleUrl>#icon-1502-BDBDBD-nodesc</styleUrl>
        <Point>
          <coordinates>
            -80.5158364,43.4475009,0
          </coordinates>
        </Point>
      </Placemark>
    </Folder>
    <Folder>
      <name>Mesh Node Locations</name>
      <Placemark>
        <name>Wecker Mesh Node 1</name>
        <styleUrl>#icon-1899-7CB342-nodesc</styleUrl>
        <Point>
          <coordinates>
            -82.245679,42.335209,0
          </coordinates>
        </Point>
      </Placemark>
      <Placemark>
        <name>McAlpine Mesh Node</name>
        <styleUrl>#icon-1899-0288D1-nodesc</styleUrl>
        <Point>
          <coordinates>
            -81.8101327,42.7746346,0
          </coordinates>
        </Point>
      </Placemark>
      <Placemark>
        <name>Burm Mesh Node 1</name>
        <styleUrl>#icon-1899-7CB342-nodesc</styleUrl>
        <Point>
          <coordinates>
            -82.3012419,42.5436244,0
          </coordinates>
        </Point>
      </Placemark>
      <Placemark>
        <name>Burm Mesh Node 2</name>
        <styleUrl>#icon-1899-7CB342-nodesc</styleUrl>
        <Point>
          <coordinates>
            -82.3042577,42.5418138,0
          </coordinates>
        </Point>
      </Placemark>
      <Placemark>
        <name>Gerrits Mesh Node</name>
        <styleUrl>#icon-1899-7CB342-nodesc</styleUrl>
        <Point>
          <coordinates>
            -82.086164,42.962288,0
          </coordinates>
        </Point>
      </Placemark>
      <Placemark>
        <name>Bogaert 1 Mesh Node if needed</name>
        <styleUrl>#icon-1899-7CB342-nodesc</styleUrl>
        <Point>
          <coordinates>
            -82.425,42.648249,0
          </coordinates>
        </Point>
      </Placemark>
      <Placemark>
        <name>Peters Mesh Node</name>
        <styleUrl>#icon-1899-0288D1-nodesc</styleUrl>
        <Point>
          <coordinates>
            -80.5230782,42.7767553,0
          </coordinates>
        </Point>
      </Placemark>
      <Placemark>
        <name>Bercab 2 Mesh Node</name>
        <styleUrl>#icon-1899-7CB342-nodesc</styleUrl>
        <Point>
          <coordinates>
            -82.3034598,42.5947988,0
          </coordinates>
        </Point>
      </Placemark>
      <Placemark>
        <name>Triple Lane Mesh Node</name>
        <styleUrl>#icon-1899-7CB342-nodesc</styleUrl>
        <Point>
          <coordinates>
            -80.26327,43.262672,0
          </coordinates>
        </Point>
      </Placemark>
      <Placemark>
        <name>FieldAndFlock 1 Mesh Node</name>
        <styleUrl>#icon-1899-0288D1-nodesc</styleUrl>
        <Point>
          <coordinates>
            -80.977354,42.68783,0
          </coordinates>
        </Point>
      </Placemark>
      <Placemark>
        <name>Veldale Mesh Node</name>
        <styleUrl>#icon-1899-0288D1-nodesc</styleUrl>
        <Point>
          <coordinates>
            -80.558928,43.09005,0
          </coordinates>
        </Point>
      </Placemark>
      <Placemark>
        <name>Leis Mesh Node</name>
        <styleUrl>#icon-1899-0288D1-nodesc</styleUrl>
        <Point>
          <coordinates>
            -80.786354,43.363166,0
          </coordinates>
        </Point>
      </Placemark>
      <Placemark>
        <name>FieldAndFlock 2 Mesh Node</name>
        <styleUrl>#icon-1899-0288D1-nodesc</styleUrl>
        <Point>
          <coordinates>
            -81.113146,42.694523,0
          </coordinates>
        </Point>
      </Placemark>
      <Placemark>
        <name>Harrison Mesh Node</name>
        <styleUrl>#icon-1899-0288D1-nodesc</styleUrl>
        <Point>
          <coordinates>
            -80.590913,43.276794,0
          </coordinates>
        </Point>
      </Placemark>
      <Placemark>
        <name>Schumhaven Mesh Node</name>
        <styleUrl>#icon-1899-0288D1-nodesc</styleUrl>
        <Point>
          <coordinates>
            -80.780849,43.306459,0
          </coordinates>
        </Point>
      </Placemark>
      <Placemark>
        <name>Gerber 1 Mesh Node</name>
        <styleUrl>#icon-1899-0288D1-nodesc</styleUrl>
        <Point>
          <coordinates>
            -80.753138,43.52771,0
          </coordinates>
        </Point>
      </Placemark>
      <Placemark>
        <name>Brucelea Mesh Node</name>
        <styleUrl>#icon-1899-0288D1-nodesc</styleUrl>
        <Point>
          <coordinates>
            -81.605542,44.035812,0
          </coordinates>
        </Point>
      </Placemark>
      <Placemark>
        <name>Grubb Mesh Node</name>
        <styleUrl>#icon-1899-0288D1-nodesc</styleUrl>
        <Point>
          <coordinates>
            -81.190519,44.071471,0
          </coordinates>
        </Point>
      </Placemark>
      <Placemark>
        <name>Renwick 2 Mesh Node</name>
        <styleUrl>#icon-1899-0288D1-nodesc</styleUrl>
        <Point>
          <coordinates>
            -81.1967984,43.930747,0
          </coordinates>
        </Point>
      </Placemark>
      <Placemark>
        <name>Horst Mesh Node</name>
        <styleUrl>#icon-1899-0288D1-nodesc</styleUrl>
        <Point>
          <coordinates>
            -80.666298,43.575466,0
          </coordinates>
        </Point>
      </Placemark>
      <Placemark>
        <name>Renwick 1 Mesh Node</name>
        <description>between last two trees on slight hill</description>
        <styleUrl>#icon-1899-7CB342</styleUrl>
        <Point>
          <coordinates>
            -81.0940375,44.0504641,0
          </coordinates>
        </Point>
      </Placemark>
      <Placemark>
        <name>Langs Mesh Node</name>
        <styleUrl>#icon-1899-0288D1-nodesc</styleUrl>
        <Point>
          <coordinates>
            -81.288707,44.221596,0
          </coordinates>
        </Point>
      </Placemark>
      <Placemark>
        <name>Biermans 2 Mesh Node</name>
        <styleUrl>#icon-1899-0288D1-nodesc</styleUrl>
        <Point>
          <coordinates>
            -81.158009,44.371146,0
          </coordinates>
        </Point>
      </Placemark>
      <Placemark>
        <name>Schaus Mesh Node</name>
        <styleUrl>#icon-1899-0288D1-nodesc</styleUrl>
        <Point>
          <coordinates>
            -81.0236,44.086289,0
          </coordinates>
        </Point>
      </Placemark>
      <Placemark>
        <name>Biermans 1 Mesh Node</name>
        <styleUrl>#icon-1899-0288D1-nodesc</styleUrl>
        <Point>
          <coordinates>
            -81.158717,44.373999,0
          </coordinates>
        </Point>
      </Placemark>
      <Placemark>
        <name>Christie 2 Mesh Node</name>
        <description>Try and stay on the hill</description>
        <styleUrl>#icon-1899-0288D1</styleUrl>
        <Point>
          <coordinates>
            -81.1907121,44.4502404,0
          </coordinates>
        </Point>
      </Placemark>
      <Placemark>
        <name>Christie-1 Mesh Node</name>
        <styleUrl>#icon-1899-0288D1-nodesc</styleUrl>
        <Point>
          <coordinates>
            -81.311802,44.44546,0
          </coordinates>
        </Point>
      </Placemark>
      <Placemark>
        <name>Highland Mesh Node</name>
        <styleUrl>#icon-1899-0288D1-nodesc</styleUrl>
        <Point>
          <coordinates>
            -80.511128,44.209181,0
          </coordinates>
        </Point>
      </Placemark>
      <Placemark>
        <name>Triaro Mesh Node</name>
        <styleUrl>#icon-1899-0288D1-nodesc</styleUrl>
        <Point>
          <coordinates>
            -80.540634,43.804684,0
          </coordinates>
        </Point>
      </Placemark>
      <Placemark>
        <name>Marvara / Judd Mesh Node</name>
        <styleUrl>#icon-1899-0288D1-nodesc</styleUrl>
        <Point>
          <coordinates>
            -80.663103,43.703917,0
          </coordinates>
        </Point>
      </Placemark>
      <Placemark>
        <name>Klavan 1 Mesh Node</name>
        <description>needs to be high, maybe on barn</description>
        <styleUrl>#icon-1899-0288D1</styleUrl>
        <Point>
          <coordinates>
            -80.5752757,43.7493791,0
          </coordinates>
        </Point>
      </Placemark>
      <Placemark>
        <name>Klavan-2 Mesh Node</name>
        <styleUrl>#icon-1899-0288D1-nodesc</styleUrl>
        <Point>
          <coordinates>
            -80.578161,43.753939,0
          </coordinates>
        </Point>
      </Placemark>
      <Placemark>
        <name>Bercab 1 Mesh Node</name>
        <styleUrl>#icon-1899-0288D1-nodesc</styleUrl>
        <Point>
          <coordinates>
            -82.2772195,42.58912,0
          </coordinates>
        </Point>
      </Placemark>
      <Placemark>
        <name>Renwick 1 - mesh 2</name>
        <styleUrl>#icon-1899-0288D1-nodesc</styleUrl>
        <Point>
          <coordinates>
            -81.0924642,44.0540339,0
          </coordinates>
        </Point>
      </Placemark>
    </Folder>
    <Folder>
      <name>Boundaries</name>
      <Placemark>
        <name>Bercab 1</name>
        <description><![CDATA[description: <br>id: 1<br>area: <br>fid: <br>Area: ]]></description>
        <styleUrl>#poly-FF5252-1000-0</styleUrl>
        <ExtendedData>
          <Data name="description">
            <value/>
          </Data>
          <Data name="id">
            <value>1</value>
          </Data>
          <Data name="area">
            <value/>
          </Data>
          <Data name="fid">
            <value/>
          </Data>
          <Data name="Area">
            <value/>
          </Data>
        </ExtendedData>
        <Polygon>
          <outerBoundaryIs>
            <LinearRing>
              <tessellate>1</tessellate>
              <coordinates>
                -82.284254,42.5893,0
                -82.284569,42.583574,0
                -82.277032,42.583419,0
                -82.276882,42.589156,0
                -82.277182,42.589178,0
                -82.277213,42.588924,0
                -82.278113,42.588891,0
                -82.278504,42.589267,0
                -82.284254,42.5893,0
              </coordinates>
            </LinearRing>
          </outerBoundaryIs>
        </Polygon>
      </Placemark>
      <Placemark>
        <name>Bercab 2</name>
        <description><![CDATA[description: <br>id: 1<br>area: <br>fid: <br>Area: ]]></description>
        <styleUrl>#poly-FF5252-2000-77</styleUrl>
        <ExtendedData>
          <Data name="description">
            <value/>
          </Data>
          <Data name="id">
            <value>1</value>
          </Data>
          <Data name="area">
            <value/>
          </Data>
          <Data name="fid">
            <value/>
          </Data>
          <Data name="Area">
            <value/>
          </Data>
        </ExtendedData>
        <Polygon>
          <outerBoundaryIs>
            <LinearRing>
              <tessellate>1</tessellate>
              <coordinates>
                -82.306546,42.594881,0
                -82.306835,42.591049,0
                -82.288181,42.590623,0
                -82.288109,42.594322,0
                -82.288904,42.595813,0
                -82.28988,42.595041,0
                -82.29035,42.594455,0
                -82.29129,42.594109,0
                -82.292447,42.593896,0
                -82.293134,42.593976,0
                -82.293857,42.594216,0
                -82.294508,42.594455,0
                -82.294869,42.593976,0
                -82.295845,42.594109,0
                -82.296062,42.594988,0
                -82.299063,42.595839,0
                -82.299316,42.595866,0
                -82.302063,42.595413,0
                -82.301919,42.594775,0
                -82.303509,42.594775,0
                -82.303545,42.595334,0
                -82.306546,42.594881,0
              </coordinates>
            </LinearRing>
          </outerBoundaryIs>
        </Polygon>
      </Placemark>
      <Placemark>
        <name>Burm</name>
        <description><![CDATA[description: <br>id: <br>area: 211<br>fid: <br>Area: ]]></description>
        <styleUrl>#poly-FF5252-2000-77</styleUrl>
        <ExtendedData>
          <Data name="description">
            <value/>
          </Data>
          <Data name="id">
            <value/>
          </Data>
          <Data name="area">
            <value>211</value>
          </Data>
          <Data name="fid">
            <value/>
          </Data>
          <Data name="Area">
            <value/>
          </Data>
        </ExtendedData>
        <Polygon>
          <outerBoundaryIs>
            <LinearRing>
              <tessellate>1</tessellate>
              <coordinates>
                -82.304178,42.549967,0
                -82.307916,42.547551,0
                -82.307503,42.54723,0
                -82.309453,42.545997,0
                -82.298353,42.537025,0
                -82.292665,42.540877,0
                -82.295165,42.542702,0
                -82.295601,42.5425,0
                -82.296082,42.542736,0
                -82.295624,42.543158,0
                -82.304178,42.549967,0
              </coordinates>
            </LinearRing>
          </outerBoundaryIs>
        </Polygon>
      </Placemark>
      <Placemark>
        <name>Sydenham 1</name>
        <description><![CDATA[description: <br>id: <br>area: 84.199<br>fid: <br>Area: ]]></description>
        <styleUrl>#poly-FF5252-2000-77</styleUrl>
        <ExtendedData>
          <Data name="description">
            <value/>
          </Data>
          <Data name="id">
            <value/>
          </Data>
          <Data name="area">
            <value>84.199</value>
          </Data>
          <Data name="fid">
            <value/>
          </Data>
          <Data name="Area">
            <value/>
          </Data>
        </ExtendedData>
        <Polygon>
          <outerBoundaryIs>
            <LinearRing>
              <tessellate>1</tessellate>
              <coordinates>
                -82.429751,42.649032,0
                -82.429988,42.642896,0
                -82.429001,42.642927,0
                -82.428987,42.643571,0
                -82.42857,42.643602,0
                -82.428486,42.643469,0
                -82.428208,42.643469,0
                -82.428194,42.642937,0
                -82.423523,42.642876,0
                -82.423273,42.648019,0
                -82.423412,42.648081,0
                -82.42476,42.648142,0
                -82.425039,42.648295,0
                -82.42508,42.648929,0
                -82.429751,42.649032,0
              </coordinates>
            </LinearRing>
          </outerBoundaryIs>
        </Polygon>
      </Placemark>
      <Placemark>
        <name>Gerrits</name>
        <description><![CDATA[description: <br>id: <br>area: 93.580<br>fid: <br>Area: ]]></description>
        <styleUrl>#poly-FF5252-2000-77</styleUrl>
        <ExtendedData>
          <Data name="description">
            <value/>
          </Data>
          <Data name="id">
            <value/>
          </Data>
          <Data name="area">
            <value>93.580</value>
          </Data>
          <Data name="fid">
            <value/>
          </Data>
          <Data name="Area">
            <value/>
          </Data>
        </ExtendedData>
        <Polygon>
          <outerBoundaryIs>
            <LinearRing>
              <tessellate>1</tessellate>
              <coordinates>
                -82.082486,42.966834,0
                -82.086023,42.966943,0
                -82.086395,42.955035,0
                -82.084347,42.95498,0
                -82.084236,42.955416,0
                -82.084534,42.956043,0
                -82.084347,42.956534,0
                -82.083789,42.956561,0
                -82.083379,42.956043,0
                -82.083342,42.954953,0
                -82.082672,42.954871,0
                -82.082486,42.966834,0
              </coordinates>
            </LinearRing>
          </outerBoundaryIs>
        </Polygon>
      </Placemark>
      <Placemark>
        <name>Sydenham 2 North</name>
        <description><![CDATA[description: <br>id: <br>area: 45.758<br>fid: <br>Area: ]]></description>
        <styleUrl>#poly-FF5252-2000-77</styleUrl>
        <ExtendedData>
          <Data name="description">
            <value/>
          </Data>
          <Data name="id">
            <value/>
          </Data>
          <Data name="area">
            <value>45.758</value>
          </Data>
          <Data name="fid">
            <value/>
          </Data>
          <Data name="Area">
            <value/>
          </Data>
        </ExtendedData>
        <Polygon>
          <outerBoundaryIs>
            <LinearRing>
              <tessellate>1</tessellate>
              <coordinates>
                -82.475923,42.637185,0
                -82.476056,42.635241,0
                -82.470373,42.632025,0
                -82.470164,42.637087,0
                -82.475923,42.637185,0
              </coordinates>
            </LinearRing>
          </outerBoundaryIs>
        </Polygon>
      </Placemark>
      <Placemark>
        <name>Sydenham 2 South</name>
        <description><![CDATA[description: <br>id: <br>area: 24.992<br>fid: <br>Area: ]]></description>
        <styleUrl>#poly-FF5252-2000-77</styleUrl>
        <ExtendedData>
          <Data name="description">
            <value/>
          </Data>
          <Data name="id">
            <value/>
          </Data>
          <Data name="area">
            <value>24.992</value>
          </Data>
          <Data name="fid">
            <value/>
          </Data>
          <Data name="Area">
            <value/>
          </Data>
        </ExtendedData>
        <Polygon>
          <outerBoundaryIs>
            <LinearRing>
              <tessellate>1</tessellate>
              <coordinates>
                -82.476094,42.635017,0
                -82.476303,42.631521,0
                -82.47427,42.631521,0
                -82.474251,42.631899,0
                -82.474098,42.632053,0
                -82.474003,42.632263,0
                -82.472977,42.632193,0
                -82.472977,42.632039,0
                -82.473186,42.631619,0
                -82.473015,42.631493,0
                -82.469879,42.631423,0
                -82.469689,42.631563,0
                -82.476094,42.635017,0
              </coordinates>
            </LinearRing>
          </outerBoundaryIs>
        </Polygon>
      </Placemark>
      <Placemark>
        <name>FieldAndFlock_1</name>
        <description><![CDATA[description: <br>id: 1<br>area: <br>fid: <br>Area: ]]></description>
        <styleUrl>#poly-FF5252-2000-77</styleUrl>
        <ExtendedData>
          <Data name="description">
            <value/>
          </Data>
          <Data name="id">
            <value>1</value>
          </Data>
          <Data name="area">
            <value/>
          </Data>
          <Data name="fid">
            <value/>
          </Data>
          <Data name="Area">
            <value/>
          </Data>
        </ExtendedData>
        <Polygon>
          <outerBoundaryIs>
            <LinearRing>
              <tessellate>1</tessellate>
              <coordinates>
                -80.977213,42.693755,0
                -80.977548,42.689488,0
                -80.977724,42.685046,0
                -80.967885,42.684822,0
                -80.967658,42.692177,0
                -80.967739,42.692297,0
                -80.967965,42.692483,0
                -80.968149,42.692698,0
                -80.968347,42.692974,0
                -80.968484,42.693317,0
                -80.968658,42.693472,0
                -80.968879,42.693573,0
                -80.969319,42.693647,0
                -80.969659,42.693667,0
                -80.970008,42.693735,0
                -80.970329,42.693796,0
                -80.970678,42.693796,0
                -80.970769,42.693748,0
                -80.970935,42.693586,0
                -80.971017,42.693451,0
                -80.971109,42.693263,0
                -80.971192,42.692865,0
                -80.971641,42.692858,0
                -80.971632,42.693694,0
                -80.971715,42.693809,0
                -80.971999,42.693802,0
                -80.972155,42.693681,0
                -80.972311,42.693667,0
                -80.972449,42.693242,0
                -80.972596,42.693236,0
                -80.97266,42.69329,0
                -80.972697,42.693816,0
                -80.973018,42.693802,0
                -80.973018,42.693276,0
                -80.973266,42.693269,0
                -80.973505,42.693384,0
                -80.973973,42.693424,0
                -80.974643,42.693424,0
                -80.975129,42.693404,0
                -80.975607,42.69337,0
                -80.976001,42.693377,0
                -80.976451,42.693411,0
                -80.9768,42.693546,0
                -80.977213,42.693755,0
              </coordinates>
            </LinearRing>
          </outerBoundaryIs>
        </Polygon>
      </Placemark>
      <Placemark>
        <name>FieldAndFlock_2</name>
        <description><![CDATA[description: <br>id: <br>area: 129.293<br>fid: 1<br>Area: ]]></description>
        <styleUrl>#poly-FF5252-1000-0</styleUrl>
        <ExtendedData>
          <Data name="description">
            <value/>
          </Data>
          <Data name="id">
            <value/>
          </Data>
          <Data name="area">
            <value>129.293</value>
          </Data>
          <Data name="fid">
            <value>1</value>
          </Data>
          <Data name="Area">
            <value/>
          </Data>
        </ExtendedData>
        <Polygon>
          <outerBoundaryIs>
            <LinearRing>
              <tessellate>1</tessellate>
              <coordinates>
                -81.116058,42.702984,0
                -81.116586,42.691624,0
                -81.116242,42.691607,0
                -81.115737,42.691725,0
                -81.11482,42.691843,0
                -81.114109,42.691927,0
                -81.113605,42.692197,0
                -81.113077,42.692736,0
                -81.112939,42.693107,0
                -81.113123,42.693495,0
                -81.113215,42.69422,0
                -81.113146,42.694523,0
                -81.112687,42.694641,0
                -81.111311,42.694692,0
                -81.110302,42.69486,0
                -81.110325,42.695467,0
                -81.110463,42.695585,0
                -81.110715,42.695821,0
                -81.1106,42.69631,0
                -81.110256,42.696394,0
                -81.110004,42.702411,0
                -81.110738,42.702428,0
                -81.110623,42.702917,0
                -81.112183,42.703068,0
                -81.112274,42.702259,0
                -81.112022,42.701922,0
                -81.112068,42.701585,0
                -81.112091,42.700962,0
                -81.112939,42.700742,0
                -81.113215,42.700624,0
                -81.113536,42.700523,0
                -81.113421,42.701265,0
                -81.113375,42.701619,0
                -81.112871,42.701855,0
                -81.112573,42.702242,0
                -81.112527,42.702984,0
                -81.116058,42.702984,0
              </coordinates>
            </LinearRing>
          </outerBoundaryIs>
        </Polygon>
      </Placemark>
      <Placemark>
        <name>Kerrington</name>
        <description><![CDATA[description: <br>id: 1<br>area: <br>fid: <br>Area: ]]></description>
        <styleUrl>#poly-FF5252-2000-77</styleUrl>
        <ExtendedData>
          <Data name="description">
            <value/>
          </Data>
          <Data name="id">
            <value>1</value>
          </Data>
          <Data name="area">
            <value/>
          </Data>
          <Data name="fid">
            <value/>
          </Data>
          <Data name="Area">
            <value/>
          </Data>
        </ExtendedData>
        <Polygon>
          <outerBoundaryIs>
            <LinearRing>
              <tessellate>1</tessellate>
              <coordinates>
                -82.144697,42.980301,0
                -82.143593,42.980242,0
                -82.143623,42.980389,0
                -82.143653,42.98058,0
                -82.143603,42.980741,0
                -82.143472,42.9808,0
                -82.143141,42.980932,0
                -82.143031,42.981057,0
                -82.14287,42.981571,0
                -82.14276,42.9816,0
                -82.142629,42.98152,0
                -82.142559,42.981446,0
                -82.141947,42.981263,0
                -82.141977,42.981086,0
                -82.142007,42.98091,0
                -82.142017,42.980697,0
                -82.141876,42.980411,0
                -82.141856,42.980323,0
                -82.141635,42.980249,0
                -82.141103,42.980242,0
                -82.140762,42.980308,0
                -82.140662,42.980411,0
                -82.140622,42.983407,0
                -82.140602,42.9863,0
                -82.144596,42.986366,0
                -82.144737,42.983524,0
                -82.144757,42.980337,0
                -82.144697,42.980301,0
              </coordinates>
            </LinearRing>
          </outerBoundaryIs>
        </Polygon>
      </Placemark>
      <Placemark>
        <name>Harrison Farms</name>
        <description><![CDATA[description: <br>id: 1<br>area: <br>fid: <br>Area: ]]></description>
        <styleUrl>#poly-FF5252-2000-77</styleUrl>
        <ExtendedData>
          <Data name="description">
            <value/>
          </Data>
          <Data name="id">
            <value>1</value>
          </Data>
          <Data name="area">
            <value/>
          </Data>
          <Data name="fid">
            <value/>
          </Data>
          <Data name="Area">
            <value/>
          </Data>
        </ExtendedData>
        <Polygon>
          <outerBoundaryIs>
            <LinearRing>
              <tessellate>1</tessellate>
              <coordinates>
                -80.591891,43.269069,0
                -80.590567,43.26927,0
                -80.590705,43.269833,0
                -80.591394,43.269913,0
                -80.591532,43.270255,0
                -80.591174,43.270556,0
                -80.591312,43.270717,0
                -80.591726,43.271018,0
                -80.591753,43.271461,0
                -80.591836,43.271822,0
                -80.59145,43.271782,0
                -80.591339,43.271621,0
                -80.591339,43.271079,0
                -80.591146,43.270878,0
                -80.590235,43.271018,0
                -80.589904,43.270737,0
                -80.589794,43.270215,0
                -80.58949,43.270235,0
                -80.589242,43.269411,0
                -80.588083,43.269672,0
                -80.592664,43.281467,0
                -80.593851,43.281266,0
                -80.594706,43.280984,0
                -80.595562,43.280583,0
                -80.596224,43.280201,0
                -80.591891,43.269069,0
              </coordinates>
            </LinearRing>
          </outerBoundaryIs>
        </Polygon>
      </Placemark>
      <Placemark>
        <name>JD Peters</name>
        <description><![CDATA[description: <br>id: <br>area: 111<br>fid: <br>Area: ]]></description>
        <styleUrl>#poly-FF5252-2000-77</styleUrl>
        <ExtendedData>
          <Data name="description">
            <value/>
          </Data>
          <Data name="id">
            <value/>
          </Data>
          <Data name="area">
            <value>111</value>
          </Data>
          <Data name="fid">
            <value/>
          </Data>
          <Data name="Area">
            <value/>
          </Data>
        </ExtendedData>
        <Polygon>
          <outerBoundaryIs>
            <LinearRing>
              <tessellate>1</tessellate>
              <coordinates>
                -80.523624,42.777585,0
                -80.526899,42.77654,0
                -80.526333,42.775697,0
                -80.526715,42.775585,0
                -80.527067,42.775518,0
                -80.527328,42.775349,0
                -80.527588,42.775226,0
                -80.527588,42.774978,0
                -80.527817,42.77472,0
                -80.528215,42.774361,0
                -80.528552,42.774023,0
                -80.528919,42.773653,0
                -80.5297,42.774428,0
                -80.530205,42.774181,0
                -80.530879,42.77508,0
                -80.532884,42.774327,0
                -80.532914,42.77417,0
                -80.532608,42.773754,0
                -80.532685,42.773698,0
                -80.533067,42.773484,0
                -80.530741,42.770406,0
                -80.530328,42.770574,0
                -80.530037,42.770934,0
                -80.529838,42.771181,0
                -80.529639,42.771035,0
                -80.529363,42.771046,0
                -80.529195,42.770878,0
                -80.528491,42.769878,0
                -80.528384,42.769484,0
                -80.528001,42.769619,0
                -80.528093,42.770012,0
                -80.527771,42.770158,0
                -80.52722,42.770563,0
                -80.526777,42.770934,0
                -80.526149,42.771091,0
                -80.525629,42.771327,0
                -80.525078,42.771417,0
                -80.524496,42.771338,0
                -80.522919,42.771945,0
                -80.522414,42.772192,0
                -80.522307,42.772293,0
                -80.521986,42.77272,0
                -80.521726,42.772967,0
                -80.521266,42.773215,0
                -80.520731,42.773203,0
                -80.520348,42.773181,0
                -80.523624,42.777585,0
              </coordinates>
            </LinearRing>
          </outerBoundaryIs>
        </Polygon>
      </Placemark>
      <Placemark>
        <name>Moosberger_1</name>
        <description><![CDATA[description: <br>id: <br>area: 37.731<br>fid: <br>Area: ]]></description>
        <styleUrl>#poly-FF5252-2000-77</styleUrl>
        <ExtendedData>
          <Data name="description">
            <value/>
          </Data>
          <Data name="id">
            <value/>
          </Data>
          <Data name="area">
            <value>37.731</value>
          </Data>
          <Data name="fid">
            <value/>
          </Data>
          <Data name="Area">
            <value/>
          </Data>
        </ExtendedData>
        <Polygon>
          <outerBoundaryIs>
            <LinearRing>
              <tessellate>1</tessellate>
              <coordinates>
                -80.895271,42.682481,0
                -80.895839,42.682272,0
                -80.896226,42.682329,0
                -80.896639,42.682177,0
                -80.896819,42.681931,0
                -80.897026,42.681646,0
                -80.897129,42.681513,0
                -80.897335,42.6814,0
                -80.897593,42.681096,0
                -80.897722,42.680812,0
                -80.897696,42.676013,0
                -80.897051,42.67588,0
                -80.897129,42.675671,0
                -80.896742,42.675653,0
                -80.896674,42.674906,0
                -80.896603,42.674875,0
                -80.895336,42.674894,0
                -80.895268,42.674934,0
                -80.895152,42.675019,0
                -80.895271,42.682481,0
              </coordinates>
            </LinearRing>
          </outerBoundaryIs>
        </Polygon>
      </Placemark>
      <Placemark>
        <name>Schumhaven</name>
        <description><![CDATA[description: <br>id: <br>area: 83.787<br>fid: <br>Area: ]]></description>
        <styleUrl>#poly-FF5252-2000-77</styleUrl>
        <ExtendedData>
          <Data name="description">
            <value/>
          </Data>
          <Data name="id">
            <value/>
          </Data>
          <Data name="area">
            <value>83.787</value>
          </Data>
          <Data name="fid">
            <value/>
          </Data>
          <Data name="Area">
            <value/>
          </Data>
        </ExtendedData>
        <Polygon>
          <outerBoundaryIs>
            <LinearRing>
              <tessellate>1</tessellate>
              <coordinates>
                -80.7802463,43.3110499,0
                -80.7835113,43.3100579,0
                -80.7833833,43.3096539,0
                -80.7834373,43.3094599,0
                -80.7833893,43.3091029,0
                -80.7833303,43.3089899,0
                -80.7834533,43.3089549,0
                -80.7838423,43.3089859,0
                -80.7844613,43.3090679,0
                -80.7848033,43.3090909,0
                -80.7852193,43.3091219,0
                -80.7855503,43.3091419,0
                -80.7857213,43.3091489,0
                -80.7861583,43.3094429,0
                -80.7891103,43.3084599,0
                -80.7870684,43.3047919,0
                -80.7853583,43.3051919,0
                -80.7851753,43.3051479,0
                -80.7781213,43.3072369,0
                -80.7802463,43.3110499,0
              </coordinates>
            </LinearRing>
          </outerBoundaryIs>
        </Polygon>
      </Placemark>
      <Placemark>
        <name>Moosberger_2</name>
        <description><![CDATA[description: <br>id: <br>area: 42.999<br>fid: <br>Area: ]]></description>
        <styleUrl>#poly-FF5252-2000-77</styleUrl>
        <ExtendedData>
          <Data name="description">
            <value/>
          </Data>
          <Data name="id">
            <value/>
          </Data>
          <Data name="area">
            <value>42.999</value>
          </Data>
          <Data name="fid">
            <value/>
          </Data>
          <Data name="Area">
            <value/>
          </Data>
        </ExtendedData>
        <Polygon>
          <outerBoundaryIs>
            <LinearRing>
              <tessellate>1</tessellate>
              <coordinates>
                -80.894675,42.682673,0
                -80.895087,42.682161,0
                -80.895191,42.678823,0
                -80.89034,42.678794,0
                -80.89025,42.678851,0
                -80.890237,42.683318,0
                -80.892662,42.683365,0
                -80.892778,42.681962,0
                -80.894584,42.68199,0
                -80.894675,42.682673,0
              </coordinates>
            </LinearRing>
          </outerBoundaryIs>
        </Polygon>
      </Placemark>
      <Placemark>
        <name>Veldale</name>
        <description><![CDATA[description: <br>id: 1<br>area: <br>fid: <br>Area: ]]></description>
        <styleUrl>#poly-FF5252-2000-77</styleUrl>
        <ExtendedData>
          <Data name="description">
            <value/>
          </Data>
          <Data name="id">
            <value>1</value>
          </Data>
          <Data name="area">
            <value/>
          </Data>
          <Data name="fid">
            <value/>
          </Data>
          <Data name="Area">
            <value/>
          </Data>
        </ExtendedData>
        <Polygon>
          <outerBoundaryIs>
            <LinearRing>
              <tessellate>1</tessellate>
              <coordinates>
                -80.562806,43.089595,0
                -80.560158,43.082859,0
                -80.555679,43.083584,0
                -80.556032,43.084406,0
                -80.556495,43.084745,0
                -80.55665,43.085035,0
                -80.556562,43.085148,0
                -80.556032,43.085131,0
                -80.555723,43.085115,0
                -80.555414,43.084632,0
                -80.554995,43.084116,0
                -80.554995,43.083923,0
                -80.554863,43.083729,0
                -80.553296,43.083955,0
                -80.553627,43.084567,0
                -80.552744,43.084696,0
                -80.553737,43.086888,0
                -80.555127,43.086985,0
                -80.556076,43.087065,0
                -80.556804,43.087275,0
                -80.556937,43.087694,0
                -80.556937,43.088113,0
                -80.556826,43.08866,0
                -80.55665,43.089289,0
                -80.554686,43.089595,0
                -80.555061,43.090256,0
                -80.555856,43.090046,0
                -80.55654,43.090143,0
                -80.557003,43.090062,0
                -80.557268,43.089998,0
                -80.557444,43.09024,0
                -80.562806,43.089595,0
              </coordinates>
            </LinearRing>
          </outerBoundaryIs>
        </Polygon>
      </Placemark>
      <Placemark>
        <name>Triple Lane Farms</name>
        <description><![CDATA[description: <br>id: <br>area: 64.517<br>fid: 1<br>Area: ]]></description>
        <styleUrl>#poly-FF5252-2000-77</styleUrl>
        <ExtendedData>
          <Data name="description">
            <value/>
          </Data>
          <Data name="id">
            <value/>
          </Data>
          <Data name="area">
            <value>64.517</value>
          </Data>
          <Data name="fid">
            <value>1</value>
          </Data>
          <Data name="Area">
            <value/>
          </Data>
        </ExtendedData>
        <Polygon>
          <outerBoundaryIs>
            <LinearRing>
              <tessellate>1</tessellate>
              <coordinates>
                -80.263462,43.258723,0
                -80.262815,43.258708,0
                -80.262167,43.258299,0
                -80.26139,43.258362,0
                -80.261153,43.257764,0
                -80.259383,43.25811,0
                -80.259599,43.258629,0
                -80.258951,43.258755,0
                -80.260074,43.261207,0
                -80.260419,43.261458,0
                -80.261217,43.261348,0
                -80.262016,43.262857,0
                -80.263225,43.2627,0
                -80.264412,43.264429,0
                -80.264541,43.264429,0
                -80.265167,43.264068,0
                -80.265988,43.263706,0
                -80.266441,43.263376,0
                -80.266657,43.262936,0
                -80.266592,43.262527,0
                -80.266398,43.262213,0
                -80.265836,43.26204,0
                -80.265577,43.262103,0
                -80.26547,43.262056,0
                -80.26534,43.261851,0
                -80.265426,43.261553,0
                -80.265534,43.261254,0
                -80.265707,43.260767,0
                -80.265793,43.260515,0
                -80.26452,43.257246,0
                -80.263808,43.257434,0
                -80.264002,43.257827,0
                -80.263376,43.258016,0
                -80.263462,43.258723,0
              </coordinates>
            </LinearRing>
          </outerBoundaryIs>
        </Polygon>
      </Placemark>
      <Placemark>
        <name>Clare Horst</name>
        <description><![CDATA[description: <br>id: 1<br>area: <br>fid: <br>Area: ]]></description>
        <styleUrl>#poly-FF5252-1000-0</styleUrl>
        <ExtendedData>
          <Data name="description">
            <value/>
          </Data>
          <Data name="id">
            <value>1</value>
          </Data>
          <Data name="area">
            <value/>
          </Data>
          <Data name="fid">
            <value/>
          </Data>
          <Data name="Area">
            <value/>
          </Data>
        </ExtendedData>
        <Polygon>
          <outerBoundaryIs>
            <LinearRing>
              <tessellate>1</tessellate>
              <coordinates>
                -80.667574,43.571017,0
                -80.664889,43.570729,0
                -80.663307,43.579979,0
                -80.666909,43.580278,0
                -80.667335,43.577579,0
                -80.667202,43.577579,0
                -80.666954,43.57756,0
                -80.666608,43.577476,0
                -80.666316,43.577329,0
                -80.666156,43.57722,0
                -80.66613,43.577065,0
                -80.66636,43.57677,0
                -80.666422,43.576417,0
                -80.666351,43.57634,0
                -80.666236,43.576243,0
                -80.666174,43.576128,0
                -80.666174,43.575929,0
                -80.6662,43.575698,0
                -80.666298,43.575466,0
                -80.666449,43.575267,0
                -80.66667,43.57512,0
                -80.666856,43.574921,0
                -80.667574,43.571017,0
              </coordinates>
            </LinearRing>
          </outerBoundaryIs>
        </Polygon>
      </Placemark>
      <Placemark>
        <name>Leis</name>
        <description><![CDATA[description: <br>id: <br>area: <br>fid: <br>Area: ]]></description>
        <styleUrl>#poly-FF5252-2000-77</styleUrl>
        <ExtendedData>
          <Data name="description">
            <value/>
          </Data>
          <Data name="id">
            <value/>
          </Data>
          <Data name="area">
            <value/>
          </Data>
          <Data name="fid">
            <value/>
          </Data>
          <Data name="Area">
            <value/>
          </Data>
        </ExtendedData>
        <Polygon>
          <outerBoundaryIs>
            <LinearRing>
              <tessellate>1</tessellate>
              <coordinates>
                -80.776562,43.364944,0
                -80.778282,43.364972,0
                -80.779527,43.364991,0
                -80.785804,43.365,0
                -80.786395,43.363992,0
                -80.786318,43.359942,0
                -80.780747,43.359905,0
                -80.780387,43.360082,0
                -80.779951,43.360493,0
                -80.779643,43.360969,0
                -80.779553,43.36249,0
                -80.779604,43.363386,0
                -80.779463,43.363414,0
                -80.779347,43.36333,0
                -80.779437,43.360903,0
                -80.780092,43.360091,0
                -80.780143,43.359998,0
                -80.778641,43.359979,0
                -80.77859,43.361165,0
                -80.776344,43.361174,0
                -80.776472,43.364767,0
                -80.776562,43.364944,0
              </coordinates>
            </LinearRing>
          </outerBoundaryIs>
        </Polygon>
      </Placemark>
      <Placemark>
        <name>Wettlaufer</name>
        <description><![CDATA[description: <br>id: <br>area: 59.9170491649669<br>fid: 1<br>Area: ]]></description>
        <styleUrl>#poly-FF5252-2000-77</styleUrl>
        <ExtendedData>
          <Data name="description">
            <value/>
          </Data>
          <Data name="id">
            <value/>
          </Data>
          <Data name="area">
            <value>59.9170491649669</value>
          </Data>
          <Data name="fid">
            <value>1</value>
          </Data>
          <Data name="Area">
            <value/>
          </Data>
        </ExtendedData>
        <Polygon>
          <outerBoundaryIs>
            <LinearRing>
              <tessellate>1</tessellate>
              <coordinates>
                -81.670666,43.805824,0
                -81.67091,43.805954,0
                -81.671513,43.806046,0
                -81.67236,43.806176,0
                -81.673133,43.806321,0
                -81.67344,43.806359,0
                -81.673641,43.806489,0
                -81.673991,43.806542,0
                -81.674245,43.806611,0
                -81.674467,43.806733,0
                -81.674774,43.806787,0
                -81.67542,43.806741,0
                -81.675727,43.806756,0
                -81.676024,43.806703,0
                -81.676151,43.806573,0
                -81.676289,43.80642,0
                -81.676373,43.80642,0
                -81.676405,43.806542,0
                -81.676394,43.806764,0
                -81.676384,43.806894,0
                -81.6765,43.8071,0
                -81.67685,43.807329,0
                -81.67866,43.808178,0
                -81.679084,43.808407,0
                -81.679285,43.808644,0
                -81.67955,43.808835,0
                -81.679825,43.808919,0
                -81.680175,43.808949,0
                -81.680503,43.808881,0
                -81.680566,43.808812,0
                -81.680577,43.80441,0
                -81.670592,43.80438,0
                -81.670666,43.805824,0
              </coordinates>
            </LinearRing>
          </outerBoundaryIs>
        </Polygon>
      </Placemark>
      <Placemark>
        <name>Renwick 1</name>
        <description><![CDATA[description: <br>id: 1<br>area: <br>fid: <br>Area: ]]></description>
        <styleUrl>#poly-FF5252-2000-77</styleUrl>
        <ExtendedData>
          <Data name="description">
            <value/>
          </Data>
          <Data name="id">
            <value>1</value>
          </Data>
          <Data name="area">
            <value/>
          </Data>
          <Data name="fid">
            <value/>
          </Data>
          <Data name="Area">
            <value/>
          </Data>
        </ExtendedData>
        <Polygon>
          <outerBoundaryIs>
            <LinearRing>
              <tessellate>1</tessellate>
              <coordinates>
                -81.092991,44.055247,0
                -81.095014,44.054879,0
                -81.095154,44.054311,0
                -81.093317,44.047944,0
                -81.094247,44.04776,0
                -81.094177,44.047309,0
                -81.09427,44.047258,0
                -81.094224,44.046791,0
                -81.090573,44.047141,0
                -81.092666,44.054712,0
                -81.092991,44.055247,0
              </coordinates>
            </LinearRing>
          </outerBoundaryIs>
        </Polygon>
      </Placemark>
      <Placemark>
        <name>Renwick 2</name>
        <description><![CDATA[description: <br>id: 1<br>area: <br>fid: <br>Area: ]]></description>
        <styleUrl>#poly-FF5252-2000-77</styleUrl>
        <ExtendedData>
          <Data name="description">
            <value/>
          </Data>
          <Data name="id">
            <value>1</value>
          </Data>
          <Data name="area">
            <value/>
          </Data>
          <Data name="fid">
            <value/>
          </Data>
          <Data name="Area">
            <value/>
          </Data>
        </ExtendedData>
        <Polygon>
          <outerBoundaryIs>
            <LinearRing>
              <tessellate>1</tessellate>
              <coordinates>
                -81.20118,43.937194,0
                -81.202694,43.936943,0
                -81.200648,43.929928,0
                -81.200402,43.929839,0
                -81.199522,43.930178,0
                -81.198765,43.930311,0
                -81.198437,43.930399,0
                -81.197864,43.930458,0
                -81.197455,43.930517,0
                -81.197209,43.930429,0
                -81.196943,43.930414,0
                -81.19678,43.930576,0
                -81.19678,43.930709,0
                -81.196329,43.930783,0
                -81.196145,43.930606,0
                -81.195838,43.930576,0
                -81.195674,43.930458,0
                -81.195449,43.930282,0
                -81.195245,43.930164,0
                -81.19418,43.930326,0
                -81.193689,43.930149,0
                -81.193525,43.930119,0
                -81.193014,43.930046,0
                -81.192666,43.930046,0
                -81.192216,43.930046,0
                -81.191909,43.930075,0
                -81.192052,43.930414,0
                -81.191888,43.930768,0
                -81.191581,43.930901,0
                -81.190988,43.930797,0
                -81.190578,43.930797,0
                -81.190906,43.931726,0
                -81.191356,43.9318,0
                -81.191704,43.931903,0
                -81.19195,43.932168,0
                -81.192461,43.933082,0
                -81.192645,43.933215,0
                -81.192809,43.933657,0
                -81.193198,43.934011,0
                -81.193587,43.934291,0
                -81.193812,43.934364,0
                -81.194078,43.934762,0
                -81.194017,43.934983,0
                -81.195122,43.936678,0
                -81.195449,43.93659,0
                -81.195592,43.936988,0
                -81.196268,43.9374,0
                -81.197107,43.937533,0
                -81.197578,43.937783,0
                -81.200054,43.937386,0
                -81.19989,43.936737,0
                -81.200934,43.936531,0
                -81.20118,43.937194,0
              </coordinates>
            </LinearRing>
          </outerBoundaryIs>
        </Polygon>
      </Placemark>
      <Placemark>
        <name>Schaus</name>
        <description><![CDATA[description: <br>id: <br>area: <br>fid: <br>Area: 87.726]]></description>
        <styleUrl>#poly-FF5252-2000-77</styleUrl>
        <ExtendedData>
          <Data name="description">
            <value/>
          </Data>
          <Data name="id">
            <value/>
          </Data>
          <Data name="area">
            <value/>
          </Data>
          <Data name="fid">
            <value/>
          </Data>
          <Data name="Area">
            <value>87.726</value>
          </Data>
        </ExtendedData>
        <Polygon>
          <outerBoundaryIs>
            <LinearRing>
              <tessellate>1</tessellate>
              <coordinates>
                -81.026617,44.093877,0
                -81.028174,44.093632,0
                -81.026683,44.088404,0
                -81.02601,44.085836,0
                -81.024919,44.085905,0
                -81.024743,44.085824,0
                -81.024406,44.084799,0
                -81.023244,44.084936,0
                -81.023658,44.086398,0
                -81.021123,44.086647,0
                -81.023183,44.094065,0
                -81.023201,44.09413,0
                -81.023237,44.094197,0
                -81.02328,44.09424,0
                -81.023351,44.094238,0
                -81.026486,44.093894,0
                -81.026513,44.09384,0
                -81.026525,44.093734,0
                -81.026013,44.091828,0
                -81.025851,44.091496,0
                -81.025792,44.091482,0
                -81.025733,44.091472,0
                -81.025605,44.091486,0
                -81.025502,44.091514,0
                -81.025423,44.091504,0
                -81.025404,44.091426,0
                -81.025389,44.091338,0
                -81.025394,44.091281,0
                -81.025507,44.091264,0
                -81.02564,44.091239,0
                -81.025698,44.091193,0
                -81.025694,44.091048,0
                -81.025728,44.09102,0
                -81.025998,44.090974,0
                -81.026224,44.090957,0
                -81.026367,44.090974,0
                -81.026465,44.09101,0
                -81.026519,44.091066,0
                -81.026607,44.091218,0
                -81.026657,44.091556,0
                -81.026647,44.09162,0
                -81.026598,44.091638,0
                -81.02645,44.091659,0
                -81.026318,44.091701,0
                -81.026224,44.091736,0
                -81.026165,44.091782,0
                -81.026121,44.091828,0
                -81.026617,44.093877,0
              </coordinates>
            </LinearRing>
          </outerBoundaryIs>
        </Polygon>
      </Placemark>
      <Placemark>
        <name>Gerber Acres (1)</name>
        <description><![CDATA[description: <br>id: <br>area: <br>fid: 1<br>Area: ]]></description>
        <styleUrl>#poly-FF5252-2000-77</styleUrl>
        <ExtendedData>
          <Data name="description">
            <value/>
          </Data>
          <Data name="id">
            <value/>
          </Data>
          <Data name="area">
            <value/>
          </Data>
          <Data name="fid">
            <value>1</value>
          </Data>
          <Data name="Area">
            <value/>
          </Data>
        </ExtendedData>
        <Polygon>
          <outerBoundaryIs>
            <LinearRing>
              <tessellate>1</tessellate>
              <coordinates>
                -80.750004,43.520277,0
                -80.744159,43.527709,0
                -80.751005,43.530351,0
                -80.755189,43.525009,0
                -80.753608,43.524327,0
                -80.753768,43.523674,0
                -80.754789,43.522092,0
                -80.750004,43.520277,0
              </coordinates>
            </LinearRing>
          </outerBoundaryIs>
        </Polygon>
      </Placemark>
      <Placemark>
        <name>Lang</name>
        <description><![CDATA[description: <br>id: 1<br>area: <br>fid: <br>Area: ]]></description>
        <styleUrl>#poly-FF5252-2000-77</styleUrl>
        <ExtendedData>
          <Data name="description">
            <value/>
          </Data>
          <Data name="id">
            <value>1</value>
          </Data>
          <Data name="area">
            <value/>
          </Data>
          <Data name="fid">
            <value/>
          </Data>
          <Data name="Area">
            <value/>
          </Data>
        </ExtendedData>
        <Polygon>
          <outerBoundaryIs>
            <LinearRing>
              <tessellate>1</tessellate>
              <coordinates>
                -81.294811,44.226098,0
                -81.293459,44.220871,0
                -81.288478,44.221483,0
                -81.287944,44.219851,0
                -81.28677,44.219979,0
                -81.286841,44.220106,0
                -81.28307,44.220412,0
                -81.280472,44.220948,0
                -81.28001,44.220259,0
                -81.279369,44.220055,0
                -81.275598,44.220565,0
                -81.275669,44.221611,0
                -81.27332,44.221866,0
                -81.273961,44.223549,0
                -81.27421,44.224135,0
                -81.273676,44.224951,0
                -81.274922,44.229132,0
                -81.279903,44.228317,0
                -81.279476,44.227322,0
                -81.281077,44.226991,0
                -81.281041,44.228164,0
                -81.284706,44.227603,0
                -81.284671,44.227297,0
                -81.28492,44.22722,0
                -81.285098,44.227603,0
                -81.291538,44.226583,0
                -81.291146,44.224951,0
                -81.292712,44.224696,0
                -81.293032,44.226379,0
                -81.294811,44.226098,0
              </coordinates>
            </LinearRing>
          </outerBoundaryIs>
        </Polygon>
      </Placemark>
      <Placemark>
        <name>GerMar Farms (Grubb)</name>
        <description><![CDATA[description: <br>id: <br>area: <br>fid: <br>Area: ]]></description>
        <styleUrl>#poly-FF5252-2000-77</styleUrl>
        <ExtendedData>
          <Data name="description">
            <value/>
          </Data>
          <Data name="id">
            <value/>
          </Data>
          <Data name="area">
            <value/>
          </Data>
          <Data name="fid">
            <value/>
          </Data>
          <Data name="Area">
            <value/>
          </Data>
        </ExtendedData>
        <Polygon>
          <outerBoundaryIs>
            <LinearRing>
              <tessellate>1</tessellate>
              <coordinates>
                -81.183977,44.071782,0
                -81.191987,44.07603,0
                -81.194713,44.073386,0
                -81.194352,44.072324,0
                -81.194292,44.072256,0
                -81.193125,44.072145,0
                -81.19091,44.071272,0
                -81.190624,44.071477,0
                -81.188909,44.070519,0
                -81.188945,44.070322,0
                -81.190493,44.068799,0
                -81.19034,44.068477,0
                -81.188185,44.06744,0
                -81.183905,44.071708,0
                -81.183977,44.071782,0
              </coordinates>
            </LinearRing>
          </outerBoundaryIs>
        </Polygon>
      </Placemark>
      <Placemark>
        <name>Brucelea</name>
        <description><![CDATA[description: <br>id: <br>area: 97.8215404713704<br>fid: 1<br>Area: ]]></description>
        <styleUrl>#poly-FF5252-2000-77</styleUrl>
        <ExtendedData>
          <Data name="description">
            <value/>
          </Data>
          <Data name="id">
            <value/>
          </Data>
          <Data name="area">
            <value>97.8215404713704</value>
          </Data>
          <Data name="fid">
            <value>1</value>
          </Data>
          <Data name="Area">
            <value/>
          </Data>
        </ExtendedData>
        <Polygon>
          <outerBoundaryIs>
            <LinearRing>
              <tessellate>1</tessellate>
              <coordinates>
                -81.604934,44.039594,0
                -81.605611,44.038673,0
                -81.605735,44.038662,0
                -81.606026,44.038787,0
                -81.606137,44.038871,0
                -81.606084,44.039011,0
                -81.605556,44.039757,0
                -81.605556,44.039851,0
                -81.605633,44.039889,0
                -81.607143,44.040476,0
                -81.607459,44.040509,0
                -81.607683,44.040509,0
                -81.607873,44.040364,0
                -81.60804,44.040199,0
                -81.613154,44.033367,0
                -81.613183,44.033206,0
                -81.61316,44.033095,0
                -81.611296,44.032342,0
                -81.611599,44.031965,0
                -81.609134,44.030932,0
                -81.603175,44.038948,0
                -81.604934,44.039594,0
              </coordinates>
            </LinearRing>
          </outerBoundaryIs>
        </Polygon>
      </Placemark>
      <Placemark>
        <name>Campbell</name>
        <description><![CDATA[description: <br>id: 1<br>area: <br>fid: <br>Area: ]]></description>
        <styleUrl>#poly-FF5252-2000-77</styleUrl>
        <ExtendedData>
          <Data name="description">
            <value/>
          </Data>
          <Data name="id">
            <value>1</value>
          </Data>
          <Data name="area">
            <value/>
          </Data>
          <Data name="fid">
            <value/>
          </Data>
          <Data name="Area">
            <value/>
          </Data>
        </ExtendedData>
        <Polygon>
          <outerBoundaryIs>
            <LinearRing>
              <tessellate>1</tessellate>
              <coordinates>
                -82.053668,42.448419,0
                -82.057749,42.445652,0
                -82.054063,42.442463,0
                -82.055284,42.441692,0
                -82.055255,42.441518,0
                -82.053754,42.440313,0
                -82.049898,42.442939,0
                -82.050587,42.443585,0
                -82.050642,42.443783,0
                -82.049636,42.444429,0
                -82.04961,42.444555,0
                -82.048933,42.444012,0
                -82.048499,42.444371,0
                -82.053668,42.448419,0
              </coordinates>
            </LinearRing>
          </outerBoundaryIs>
        </Polygon>
      </Placemark>
      <Placemark>
        <name>Biermans</name>
        <description><![CDATA[description: <br>id: 1<br>area: 196.177<br>fid: <br>Area: ]]></description>
        <styleUrl>#poly-FF5252-2000-77</styleUrl>
        <ExtendedData>
          <Data name="description">
            <value/>
          </Data>
          <Data name="id">
            <value>1</value>
          </Data>
          <Data name="area">
            <value>196.177</value>
          </Data>
          <Data name="fid">
            <value/>
          </Data>
          <Data name="Area">
            <value/>
          </Data>
        </ExtendedData>
        <Polygon>
          <outerBoundaryIs>
            <LinearRing>
              <tessellate>1</tessellate>
              <coordinates>
                -81.1695847,44.3761233,0
                -81.1671217,44.3672333,0
                -81.1646937,44.3676293,0
                -81.1650367,44.3688363,0
                -81.1645617,44.3689303,0
                -81.1645087,44.3691003,0
                -81.1641927,44.3691003,0
                -81.1641127,44.3685723,0
                -81.1637697,44.3676853,0
                -81.1572257,44.3687233,0
                -81.1596007,44.3771163,0
                -81.1606567,44.3769843,0
                -81.1613157,44.3771163,0
                -81.1613427,44.3773613,0
                -81.1695847,44.3761233,0
              </coordinates>
            </LinearRing>
          </outerBoundaryIs>
        </Polygon>
      </Placemark>
      <Placemark>
        <name>Marvara / Judd </name>
        <description><![CDATA[description: <br>id: <br>area: <br>fid: 1<br>Area: ]]></description>
        <styleUrl>#poly-FF5252-1000-0</styleUrl>
        <ExtendedData>
          <Data name="description">
            <value/>
          </Data>
          <Data name="id">
            <value/>
          </Data>
          <Data name="area">
            <value/>
          </Data>
          <Data name="fid">
            <value>1</value>
          </Data>
          <Data name="Area">
            <value/>
          </Data>
        </ExtendedData>
        <Polygon>
          <outerBoundaryIs>
            <LinearRing>
              <tessellate>1</tessellate>
              <coordinates>
                -80.656731,43.706341,0
                -80.657631,43.706715,0
                -80.658639,43.707109,0
                -80.658339,43.707483,0
                -80.659701,43.707996,0
                -80.667385,43.698206,0
                -80.667276,43.698009,0
                -80.666513,43.697634,0
                -80.666186,43.698107,0
                -80.665914,43.698087,0
                -80.665532,43.697792,0
                -80.66556,43.697359,0
                -80.665914,43.696846,0
                -80.665861,43.69672,0
                -80.664611,43.696284,0
                -80.656731,43.706341,0
              </coordinates>
            </LinearRing>
          </outerBoundaryIs>
        </Polygon>
      </Placemark>
      <Placemark>
        <name>Christie-2</name>
        <description><![CDATA[description: <br>id: <br>area: <br>fid: <br>Area: ]]></description>
        <styleUrl>#poly-FF5252-2000-77</styleUrl>
        <ExtendedData>
          <Data name="description">
            <value/>
          </Data>
          <Data name="id">
            <value/>
          </Data>
          <Data name="area">
            <value/>
          </Data>
          <Data name="fid">
            <value/>
          </Data>
          <Data name="Area">
            <value/>
          </Data>
        </ExtendedData>
        <Polygon>
          <outerBoundaryIs>
            <LinearRing>
              <tessellate>1</tessellate>
              <coordinates>
                -81.191831,44.456475,0
                -81.194226,44.456171,0
                -81.191471,44.446827,0
                -81.191219,44.446679,0
                -81.190326,44.446418,0
                -81.189478,44.446418,0
                -81.18886,44.446516,0
                -81.189868,44.449819,0
                -81.190372,44.449737,0
                -81.190509,44.449819,0
                -81.190791,44.450618,0
                -81.190916,44.450893,0
                -81.190897,44.451051,0
                -81.190685,44.451141,0
                -81.190357,44.451306,0
                -81.190357,44.451416,0
                -81.190463,44.45174,0
                -81.190772,44.451795,0
                -81.19108,44.451857,0
                -81.191292,44.452098,0
                -81.19135,44.452435,0
                -81.191389,44.452573,0
                -81.191263,44.452676,0
                -81.190791,44.452779,0
                -81.190743,44.452814,0
                -81.191831,44.456475,0
              </coordinates>
            </LinearRing>
          </outerBoundaryIs>
        </Polygon>
      </Placemark>
      <Placemark>
        <name>Christie-1</name>
        <description><![CDATA[description: <br>id: <br>area: <br>fid: <br>Area: ]]></description>
        <styleUrl>#poly-FF5252-2000-77</styleUrl>
        <ExtendedData>
          <Data name="description">
            <value/>
          </Data>
          <Data name="id">
            <value/>
          </Data>
          <Data name="area">
            <value/>
          </Data>
          <Data name="fid">
            <value/>
          </Data>
          <Data name="Area">
            <value/>
          </Data>
        </ExtendedData>
        <Polygon>
          <outerBoundaryIs>
            <LinearRing>
              <tessellate>1</tessellate>
              <coordinates>
                -81.31969,44.445494,0
                -81.319089,44.443711,0
                -81.317217,44.443917,0
                -81.316929,44.44318,0
                -81.318561,44.442974,0
                -81.318801,44.442717,0
                -81.318561,44.441911,0
                -81.308165,44.443351,0
                -81.308165,44.443488,0
                -81.308381,44.444602,0
                -81.308405,44.444962,0
                -81.308477,44.445288,0
                -81.308861,44.445854,0
                -81.311647,44.445494,0
                -81.311911,44.445545,0
                -81.312151,44.446522,0
                -81.31969,44.445494,0
              </coordinates>
            </LinearRing>
          </outerBoundaryIs>
        </Polygon>
      </Placemark>
      <Placemark>
        <name>Klavan</name>
        <description><![CDATA[description: <br>id: <br>area: <br>fid: <br>Area: ]]></description>
        <styleUrl>#poly-FF5252-2000-77</styleUrl>
        <ExtendedData>
          <Data name="description">
            <value/>
          </Data>
          <Data name="id">
            <value/>
          </Data>
          <Data name="area">
            <value/>
          </Data>
          <Data name="fid">
            <value/>
          </Data>
          <Data name="Area">
            <value/>
          </Data>
        </ExtendedData>
        <Polygon>
          <outerBoundaryIs>
            <LinearRing>
              <tessellate>1</tessellate>
              <coordinates>
                -80.577369,43.75763,0
                -80.57978,43.754934,0
                -80.577913,43.754231,0
                -80.57873,43.752715,0
                -80.578419,43.751928,0
                -80.574374,43.750327,0
                -80.577447,43.746197,0
                -80.57628,43.745635,0
                -80.577252,43.744399,0
                -80.575385,43.743725,0
                -80.568891,43.752265,0
                -80.568969,43.752321,0
                -80.569824,43.75249,0
                -80.57033,43.75249,0
                -80.570602,43.75263,0
                -80.57033,43.753052,0
                -80.569824,43.753501,0
                -80.569358,43.753529,0
                -80.569202,43.753024,0
                -80.568386,43.752799,0
                -80.567491,43.754288,0
                -80.573247,43.756647,0
                -80.573597,43.756085,0
                -80.572936,43.755861,0
                -80.573247,43.755467,0
                -80.574258,43.755889,0
                -80.574258,43.756198,0
                -80.573519,43.756984,0
                -80.57628,43.758023,0
                -80.576708,43.757434,0
                -80.577369,43.75763,0
              </coordinates>
            </LinearRing>
          </outerBoundaryIs>
        </Polygon>
      </Placemark>
      <Placemark>
        <name>Triaro</name>
        <description><![CDATA[description: <br>id: <br>area: <br>fid: <br>Area: ]]></description>
        <styleUrl>#poly-FF5252-2000-77</styleUrl>
        <ExtendedData>
          <Data name="description">
            <value/>
          </Data>
          <Data name="id">
            <value/>
          </Data>
          <Data name="area">
            <value/>
          </Data>
          <Data name="fid">
            <value/>
          </Data>
          <Data name="Area">
            <value/>
          </Data>
        </ExtendedData>
        <Polygon>
          <outerBoundaryIs>
            <LinearRing>
              <tessellate>1</tessellate>
              <coordinates>
                -80.538415,43.812901,0
                -80.546647,43.802405,0
                -80.543423,43.801093,0
                -80.535293,43.811638,0
                -80.538415,43.812901,0
              </coordinates>
            </LinearRing>
          </outerBoundaryIs>
        </Polygon>
      </Placemark>
      <Placemark>
        <name>Highland</name>
        <description><![CDATA[description: <br>id: <br>area: <br>fid: 1<br>Area: 145.094]]></description>
        <styleUrl>#poly-FF5252-2000-77</styleUrl>
        <ExtendedData>
          <Data name="description">
            <value/>
          </Data>
          <Data name="id">
            <value/>
          </Data>
          <Data name="area">
            <value/>
          </Data>
          <Data name="fid">
            <value>1</value>
          </Data>
          <Data name="Area">
            <value>145.094</value>
          </Data>
        </ExtendedData>
        <Polygon>
          <outerBoundaryIs>
            <LinearRing>
              <tessellate>1</tessellate>
              <coordinates>
                -80.512391,44.214333,0
                -80.514375,44.214992,0
                -80.521778,44.208333,0
                -80.51602,44.204968,0
                -80.508011,44.212027,0
                -80.511443,44.213991,0
                -80.511787,44.213731,0
                -80.512082,44.213467,0
                -80.51226,44.213344,0
                -80.512567,44.213264,0
                -80.512665,44.213282,0
                -80.513089,44.213573,0
                -80.513243,44.213727,0
                -80.512391,44.214333,0
              </coordinates>
            </LinearRing>
          </outerBoundaryIs>
        </Polygon>
      </Placemark>
      <Placemark>
        <name>Wecker</name>
        <description><![CDATA[description: <br>id: 1<br>area: <br>fid: <br>Area: ]]></description>
        <styleUrl>#poly-FF5252-2000-77</styleUrl>
        <ExtendedData>
          <Data name="description">
            <value/>
          </Data>
          <Data name="id">
            <value>1</value>
          </Data>
          <Data name="area">
            <value/>
          </Data>
          <Data name="fid">
            <value/>
          </Data>
          <Data name="Area">
            <value/>
          </Data>
        </ExtendedData>
        <Polygon>
          <outerBoundaryIs>
            <LinearRing>
              <tessellate>1</tessellate>
              <coordinates>
                -82.247345,42.340797,0
                -82.249926,42.338839,0
                -82.23865,42.3298,0
                -82.235967,42.331784,0
                -82.2367,42.33231,0
                -82.236881,42.332789,0
                -82.236389,42.333057,0
                -82.235301,42.332329,0
                -82.233411,42.333612,0
                -82.238978,42.33813,0
                -82.241707,42.336253,0
                -82.247345,42.340797,0
              </coordinates>
            </LinearRing>
          </outerBoundaryIs>
        </Polygon>
      </Placemark>
      <Placemark>
        <name>Benderbrook 1</name>
        <description><![CDATA[description: <br>id: 1<br>area: <br>fid: <br>Area: ]]></description>
        <styleUrl>#poly-FF5252-1200-77</styleUrl>
        <ExtendedData>
          <Data name="description">
            <value/>
          </Data>
          <Data name="id">
            <value>1</value>
          </Data>
          <Data name="area">
            <value/>
          </Data>
          <Data name="fid">
            <value/>
          </Data>
          <Data name="Area">
            <value/>
          </Data>
        </ExtendedData>
        <Polygon>
          <outerBoundaryIs>
            <LinearRing>
              <tessellate>1</tessellate>
              <coordinates>
                -80.749442,43.323064,0
                -80.746647,43.317797,0
                -80.741769,43.319414,0
                -80.743013,43.321722,0
                -80.743041,43.321864,0
                -80.742719,43.322017,0
                -80.745235,43.324366,0
                -80.749442,43.323064,0
              </coordinates>
            </LinearRing>
          </outerBoundaryIs>
        </Polygon>
      </Placemark>
      <Placemark>
        <name>Benderbrook 2</name>
        <description><![CDATA[description: <br>id: 1<br>area: <br>fid: <br>Area: ]]></description>
        <styleUrl>#poly-FF5252-1200-77</styleUrl>
        <ExtendedData>
          <Data name="description">
            <value/>
          </Data>
          <Data name="id">
            <value>1</value>
          </Data>
          <Data name="area">
            <value/>
          </Data>
          <Data name="fid">
            <value/>
          </Data>
          <Data name="Area">
            <value/>
          </Data>
        </ExtendedData>
        <Polygon>
          <outerBoundaryIs>
            <LinearRing>
              <tessellate>1</tessellate>
              <coordinates>
                -80.736712,43.333272,0
                -80.741342,43.331854,0
                -80.74093,43.330818,0
                -80.74123,43.330341,0
                -80.74108,43.330123,0
                -80.743516,43.329277,0
                -80.741511,43.325487,0
                -80.735363,43.327478,0
                -80.735325,43.329686,0
                -80.73615,43.329755,0
                -80.736169,43.330232,0
                -80.735325,43.330409,0
                -80.735363,43.3309,0
                -80.736712,43.333272,0
              </coordinates>
            </LinearRing>
          </outerBoundaryIs>
        </Polygon>
      </Placemark>
      <Placemark>
        <name>McAlpine</name>
        <description><![CDATA[description: <br>id: <br>area: <br>fid: <br>Area: ]]></description>
        <styleUrl>#poly-FF5252-1200-77</styleUrl>
        <ExtendedData>
          <Data name="description">
            <value/>
          </Data>
          <Data name="id">
            <value/>
          </Data>
          <Data name="area">
            <value/>
          </Data>
          <Data name="fid">
            <value/>
          </Data>
          <Data name="Area">
            <value/>
          </Data>
        </ExtendedData>
        <Polygon>
          <outerBoundaryIs>
            <LinearRing>
              <tessellate>1</tessellate>
              <coordinates>
                -81.8136524,42.772836,0
                -81.813829,42.772828,0
                -81.812997,42.772398,0
                -81.812061,42.773112,0
                -81.809398,42.775137,0
                -81.811553,42.776756,0
                -81.811895,42.776744,0
                -81.812237,42.7767,0
                -81.812536,42.776537,0
                -81.812767,42.776417,0
                -81.812878,42.776235,0
                -81.812964,42.776141,0
                -81.813152,42.776041,0
                -81.813494,42.775827,0
                -81.813451,42.775714,0
                -81.81328,42.775589,0
                -81.812981,42.775432,0
                -81.812742,42.775294,0
                -81.812408,42.775168,0
                -81.812143,42.775112,0
                -81.811904,42.775024,0
                -81.811647,42.77498,0
                -81.811373,42.774873,0
                -81.811048,42.774704,0
                -81.810869,42.774559,0
                -81.810655,42.774409,0
                -81.810552,42.774327,0
                -81.810758,42.774195,0
                -81.811202,42.774409,0
                -81.811562,42.774585,0
                -81.811758,42.77466,0
                -81.811869,42.774666,0
                -81.812169,42.774654,0
                -81.812331,42.77466,0
                -81.812459,42.774729,0
                -81.812571,42.774848,0
                -81.812716,42.774898,0
                -81.812981,42.774861,0
                -81.813109,42.774811,0
                -81.813289,42.774785,0
                -81.813366,42.774804,0
                -81.813657,42.775011,0
                -81.81387,42.775124,0
                -81.814067,42.775156,0
                -81.814349,42.775087,0
                -81.81452,42.775043,0
                -81.814649,42.775018,0
                -81.815162,42.775118,0
                -81.815196,42.775275,0
                -81.815239,42.775413,0
                -81.816752,42.776493,0
                -81.81739,42.77625,0
                -81.817728,42.776521,0
                -81.818035,42.77634,0
                -81.818404,42.776171,0
                -81.818788,42.776092,0
                -81.819434,42.776036,0
                -81.819803,42.7759,0
                -81.820201,42.775605,0
                -81.818933,42.774675,0
                -81.818772,42.774743,0
                -81.818703,42.775047,0
                -81.818496,42.775081,0
                -81.81838,42.774912,0
                -81.818242,42.774134,0
                -81.817758,42.773778,0
                -81.817505,42.773761,0
                -81.817482,42.773508,0
                -81.817044,42.77317,0
                -81.81686,42.773288,0
                -81.816629,42.773305,0
                -81.816606,42.77322,0
                -81.816721,42.773017,0
                -81.814325,42.771224,0
                -81.813219,42.77207,0
                -81.814039,42.772173,0
                -81.814109,42.772288,0
                -81.814055,42.772516,0
                -81.81405,42.772737,0
                -81.813953,42.77282,0
                -81.813738,42.772836,0
                -81.8136524,42.772836,0
              </coordinates>
            </LinearRing>
          </outerBoundaryIs>
          <innerBoundaryIs>
            <LinearRing>
              <tessellate>1</tessellate>
              <coordinates>
                -81.813486,42.772836,0
                -81.813208,42.7728479,0
                -81.813211,42.772856,0
                -81.8136524,42.772836,0
                -81.813486,42.772836,0
              </coordinates>
            </LinearRing>
          </innerBoundaryIs>
          <innerBoundaryIs>
            <LinearRing>
              <tessellate>1</tessellate>
              <coordinates>
                -81.813174,42.772757,0
                -81.813018,42.77265,0
                -81.812921,42.772737,0
                -81.813045,42.77284,0
                -81.813206,42.772848,0
                -81.813208,42.7728479,0
                -81.813174,42.772757,0
              </coordinates>
            </LinearRing>
          </innerBoundaryIs>
        </Polygon>
      </Placemark>
    </Folder>
  </Document>
</kml>
